<?xml version = '1.0' encoding = 'UTF-8'?>
<FKIndexAssociation class="oracle.dbtools.crest.model.design.relational.FKIndexAssociation" directorySegmentName="seg_0" id="2C2D5619-45CA-5D42-6783-F92E39667200" containerWithKeyObject="72CBFA76-FAB5-7DCF-334D-7A748E05B364" localFKIndex="0C292EE4-1213-F47E-D4BE-D7C1806546F7" name="bintype_bin">
<createdBy>Alexandra Goh</createdBy>
<createdTime>2023-04-29 00:20:06 UTC</createdTime>
<generatorID>7C3D1FC4-AED5-B860-E96E-B2F392EA6478</generatorID>
<ownerDesignName>cui_oraclemodel</ownerDesignName>
<referredTableLongName>BIN_TYPE</referredTableLongName>
<deleteRule>NO ACTION</deleteRule>
<referredTableID>EBA93325-FA78-09D1-7216-A4F8399EE2E8</referredTableID>
<keyObject>2DC70DEB-3A94-D692-5418-A54E552C4108</keyObject>
<referredKeyID>2DC70DEB-3A94-D692-5418-A54E552C4108</referredKeyID>
<mandatory>true</mandatory>
<refColNames>bin_size,waste_type_id</refColNames>
<transferable>true</transferable>
<rely>false</rely>
<columnDependencyConstraintGenerateInDDL>true</columnDependencyConstraintGenerateInDDL>
</FKIndexAssociation>
