<?xml version = '1.0' encoding = 'UTF-8'?>
<FKIndexAssociation class="oracle.dbtools.crest.model.design.relational.FKIndexAssociation" directorySegmentName="seg_0" id="314B3B1E-D46C-A7C2-7901-4A25C9B951F1" containerWithKeyObject="72CBFA76-FAB5-7DCF-334D-7A748E05B364" localFKIndex="5C21041D-EBD5-382E-5D0B-1A493563A975" name="prop_bin">
<createdBy>Alexandra Goh</createdBy>
<createdTime>2023-04-29 00:20:06 UTC</createdTime>
<generatorID>8661EF0C-2B3B-5DB3-063E-FDFDCD8BB331</generatorID>
<ownerDesignName>cui_oraclemodel</ownerDesignName>
<referredTableLongName>PROPERTY</referredTableLongName>
<deleteRule>NO ACTION</deleteRule>
<referredTableID>12FE9FB7-DC9B-6036-DF78-E42BFA8C468E</referredTableID>
<keyObject>F1559371-EBC2-6D21-A928-88C03CA63E12</keyObject>
<referredKeyID>F1559371-EBC2-6D21-A928-88C03CA63E12</referredKeyID>
<mandatory>true</mandatory>
<refColNames>prop_id</refColNames>
<transferable>true</transferable>
<rely>false</rely>
<columnDependencyConstraintGenerateInDDL>true</columnDependencyConstraintGenerateInDDL>
</FKIndexAssociation>
