<?xml version = '1.0' encoding = 'UTF-8'?>
<FKIndexAssociation class="oracle.dbtools.crest.model.design.relational.FKIndexAssociation" directorySegmentName="seg_0" id="A921278C-6E8C-9C19-BF74-5371737F39DB" containerWithKeyObject="12FE9FB7-DC9B-6036-DF78-E42BFA8C468E" localFKIndex="7352C29D-7D6D-2AEB-15D7-1B15C54F209F" name="street_prop">
<createdBy>Alexandra Goh</createdBy>
<createdTime>2023-04-29 00:20:06 UTC</createdTime>
<generatorID>405758D0-F738-C225-9316-4CC2D35F95D9</generatorID>
<ownerDesignName>cui_oraclemodel</ownerDesignName>
<referredTableLongName>STREET</referredTableLongName>
<deleteRule>NO ACTION</deleteRule>
<referredTableID>A8638C44-B229-75AA-719D-6FBDEB82C43D</referredTableID>
<keyObject>07526FEE-FC8D-AB1B-17D7-266F0CD88D69</keyObject>
<referredKeyID>07526FEE-FC8D-AB1B-17D7-266F0CD88D69</referredKeyID>
<mandatory>true</mandatory>
<refColNames>street_id,au_name</refColNames>
<transferable>true</transferable>
<rely>false</rely>
<columnDependencyConstraintGenerateInDDL>true</columnDependencyConstraintGenerateInDDL>
</FKIndexAssociation>
