<?xml version = '1.0' encoding = 'UTF-8'?>
<FKIndexAssociation class="oracle.dbtools.crest.model.design.relational.FKIndexAssociation" directorySegmentName="seg_0" id="BB8AC017-85F4-6B3C-6D8F-396ADA71620E" containerWithKeyObject="06D6DF66-5314-BFAF-1D34-FBDC93A0E7D1" localFKIndex="59AA75E2-8E4E-ACBA-682C-E4CBC3D14ADB" name="wastetype_wastecharge">
<createdBy>Alexandra Goh</createdBy>
<createdTime>2023-04-29 00:20:06 UTC</createdTime>
<generatorID>DC49CDF1-75AA-0BEA-493C-A4839F8E8E05</generatorID>
<ownerDesignName>cui_oraclemodel</ownerDesignName>
<referredTableLongName>WASTE_TYPE</referredTableLongName>
<deleteRule>NO ACTION</deleteRule>
<referredTableID>A0692101-4A42-11F1-F716-B09C1CAC6A56</referredTableID>
<keyObject>76C0BB70-9762-2679-6384-C1B8E694EAB2</keyObject>
<referredKeyID>76C0BB70-9762-2679-6384-C1B8E694EAB2</referredKeyID>
<mandatory>true</mandatory>
<refColNames>waste_type_id</refColNames>
<transferable>true</transferable>
<rely>false</rely>
<columnDependencyConstraintGenerateInDDL>true</columnDependencyConstraintGenerateInDDL>
</FKIndexAssociation>
