<?xml version = '1.0' encoding = 'UTF-8'?>
<Relation class="oracle.dbtools.crest.model.design.logical.Relation" name="driver_truck" directorySegmentName="seg_0" id="0FC6EB64-39B2-418A-6591-D5808DB7F898">
<createdBy>Alexandra Goh</createdBy>
<createdTime>2023-04-28 10:49:59 UTC</createdTime>
<ownerDesignName>cui_oraclemodel</ownerDesignName>
<engineerTo>
<item key="FEC4A524-8F7D-AD0B-0590-A93A4AC1F9A4" value="true"/>
</engineerTo>
<sourcePk>2C43950A-7E3A-A33F-4F48-35A180C77A6D</sourcePk>
<identifying>true</identifying>
<nameOnSource>drives</nameOnSource>
<nameOnTarget>.</nameOnTarget>
<optionalSource>true</optionalSource>
<optionalTarget>false</optionalTarget>
<sourceCardinality>1</sourceCardinality>
<sourceEntity>0F46CB0A-43A4-E345-61BE-0708C7B7A31A</sourceEntity>
<targetCardinalityString>*</targetCardinalityString>
<targetEntity>FCA8ACE8-273E-BC3D-8833-90E135AF6656</targetEntity>
<transferable>true</transferable>
<deleteRule>NO ACTION</deleteRule>
</Relation>
