<?xml version = '1.0' encoding = 'UTF-8'?>
<Relation class="oracle.dbtools.crest.model.design.logical.Relation" name="con_wastecharge" directorySegmentName="seg_0" id="15BB84C3-D96B-3F96-DDD6-FB1BEEBC666D">
<createdBy>Alexandra Goh</createdBy>
<createdTime>2023-04-28 10:42:46 UTC</createdTime>
<ownerDesignName>cui_oraclemodel</ownerDesignName>
<engineerTo>
<item key="FEC4A524-8F7D-AD0B-0590-A93A4AC1F9A4" value="true"/>
</engineerTo>
<sourcePk>0CE6B83B-2A7B-9376-0269-DAE795E0852D</sourcePk>
<identifying>true</identifying>
<nameOnSource>sets</nameOnSource>
<nameOnTarget>.</nameOnTarget>
<optionalSource>false</optionalSource>
<optionalTarget>false</optionalTarget>
<sourceCardinality>1</sourceCardinality>
<sourceEntity>89647E2D-7A2F-6F16-DD8F-D1D54C481DE4</sourceEntity>
<targetCardinalityString>*</targetCardinalityString>
<targetEntity>A875D257-298D-3906-C22A-84E7C58FB71D</targetEntity>
<transferable>true</transferable>
<deleteRule>NO ACTION</deleteRule>
</Relation>
