<?xml version = '1.0' encoding = 'UTF-8'?>
<Relation class="oracle.dbtools.crest.model.design.logical.Relation" name="bintype_bincharge" directorySegmentName="seg_0" id="78747F44-0F87-B26F-E415-0670C4D21D88">
<createdBy>Alexandra Goh</createdBy>
<createdTime>2023-04-28 10:34:15 UTC</createdTime>
<ownerDesignName>cui_oraclemodel</ownerDesignName>
<engineerTo>
<item key="FEC4A524-8F7D-AD0B-0590-A93A4AC1F9A4" value="true"/>
</engineerTo>
<sourcePk>A88E3567-3B15-6C9E-5984-CDA8CAA8CA04</sourcePk>
<identifying>false</identifying>
<nameOnSource>costs</nameOnSource>
<nameOnTarget>.</nameOnTarget>
<optionalSource>true</optionalSource>
<optionalTarget>false</optionalTarget>
<sourceCardinality>1</sourceCardinality>
<sourceEntity>B760D6BB-CF82-0CED-D887-E6A8EB17B841</sourceEntity>
<targetCardinalityString>*</targetCardinalityString>
<targetEntity>FB0AC473-F03F-7681-465D-F2DA96CC9FAC</targetEntity>
<transferable>true</transferable>
<deleteRule>NO ACTION</deleteRule>
</Relation>
