<?xml version = '1.0' encoding = 'UTF-8'?>
<Table class="oracle.dbtools.crest.model.design.relational.Table" directorySegmentName="seg_0" id="4A2D8C59-0B41-FF26-ABED-785C161A1E37" name="CONTRACT">
<createdBy>Alexandra Goh</createdBy>
<createdTime>2023-04-29 00:20:06 UTC</createdTime>
<generatorID>89647E2D-7A2F-6F16-DD8F-D1D54C481DE4</generatorID>
<ownerDesignName>cui_oraclemodel</ownerDesignName>
<allowColumnReorder>false</allowColumnReorder>
<existDependencyGenerateInDDl>true</existDependencyGenerateInDDl>
<parsed>true</parsed>
<columns itemClass="oracle.dbtools.crest.model.design.relational.Column">
<Column name="contract_no" id="4632CAE0-F2D9-2CDB-FD19-3FF720DEDE9A">
<createdBy>Alexandra Goh</createdBy>
<createdTime>2023-04-29 00:20:06 UTC</createdTime>
<commentInRDBMS><![CDATA[contract number]]></commentInRDBMS>
<generatorID>65CDC8CD-E2A9-9E18-27F8-FCD5CD7A9FCD</generatorID>
<ownerDesignName>cui_oraclemodel</ownerDesignName>
<useDomainConstraints>false</useDomainConstraints>
<use>1</use>
<logicalDatatype>LOGDT019</logicalDatatype>
<dataTypePrecision>7</dataTypePrecision>
<ownDataTypeParameters>,7,</ownDataTypeParameters>
<autoIncrementCycle>false</autoIncrementCycle>
</Column>
<Column name="contract_start_date" id="438465BE-384D-0BD8-FDF7-9A97649FEFCC">
<createdBy>Alexandra Goh</createdBy>
<createdTime>2023-04-29 00:20:06 UTC</createdTime>
<commentInRDBMS><![CDATA[contract start date]]></commentInRDBMS>
<generatorID>F7193D12-B192-FBA1-8A66-B680527CBF7A</generatorID>
<ownerDesignName>cui_oraclemodel</ownerDesignName>
<useDomainConstraints>false</useDomainConstraints>
<use>1</use>
<logicalDatatype>LOGDT007</logicalDatatype>
<ownDataTypeParameters>,,</ownDataTypeParameters>
<autoIncrementCycle>false</autoIncrementCycle>
</Column>
<Column name="contract_end_date" id="F00789AC-F443-46A1-5185-1DE63A39BC12">
<createdBy>Alexandra Goh</createdBy>
<createdTime>2023-04-29 00:20:06 UTC</createdTime>
<commentInRDBMS><![CDATA[contract end date]]></commentInRDBMS>
<generatorID>5B6F865A-BE55-C0A0-028A-99E2FDD48308</generatorID>
<ownerDesignName>cui_oraclemodel</ownerDesignName>
<useDomainConstraints>false</useDomainConstraints>
<use>1</use>
<logicalDatatype>LOGDT007</logicalDatatype>
<ownDataTypeParameters>,,</ownDataTypeParameters>
<autoIncrementCycle>false</autoIncrementCycle>
</Column>
<Column name="au_name" id="5CBA6275-0512-5D33-4CD8-44FBECF6F98B">
<createdBy>Alexandra Goh</createdBy>
<createdTime>2023-04-29 00:20:06 UTC</createdTime>
<commentInRDBMS><![CDATA[Authority Name]]></commentInRDBMS>
<generatorID>C9B990D3-765F-9AAD-BA2A-C0D448E0D503</generatorID>
<ownerDesignName>cui_oraclemodel</ownerDesignName>
<useDomainConstraints>false</useDomainConstraints>
<use>1</use>
<logicalDatatype>LOGDT024</logicalDatatype>
<dataTypeSize>50</dataTypeSize>
<ownDataTypeParameters>,,</ownDataTypeParameters>
<previousColumn>false</previousColumn>
<autoIncrementCycle>false</autoIncrementCycle>
<associations>
<colAssociation fkAssociation="5A5C9C01-EF94-DDD7-C9A3-C1594C72AA01" referredColumn="59F96506-759A-7876-45D5-B9AFB24BD18B"/>
</associations>
</Column>
</columns>
<indexes itemClass="oracle.dbtools.crest.model.design.relational.Index">
<ind_PK_UK id="D9279A8B-BDAC-7F61-D3D5-81579923429A" name="CONTRACT_PK">
<createdBy>Alexandra Goh</createdBy>
<createdTime>2023-04-29 00:20:06 UTC</createdTime>
<generatorID>0CE6B83B-2A7B-9376-0269-DAE795E0852D</generatorID>
<ownerDesignName>cui_oraclemodel</ownerDesignName>
<pk>true</pk>
<indexState>Primary Constraint</indexState>
<isSurrogateKey>false</isSurrogateKey>
<indexColumnUsage>
<colUsage columnID="4632CAE0-F2D9-2CDB-FD19-3FF720DEDE9A"/>
</indexColumnUsage>
</ind_PK_UK>
<ind_PK_UK id="5D2090AE-E40D-3AC3-8273-609594504683" name="auth_con">
<createdBy>Alexandra Goh</createdBy>
<createdTime>2023-04-29 00:20:06 UTC</createdTime>
<generatorID>DD5BEA69-7EC3-EBB4-F57C-84088C144B85</generatorID>
<ownerDesignName>cui_oraclemodel</ownerDesignName>
<indexState>Foreign Key</indexState>
<isSurrogateKey>false</isSurrogateKey>
<indexColumnUsage>
<colUsage columnID="5CBA6275-0512-5D33-4CD8-44FBECF6F98B"/>
</indexColumnUsage>
</ind_PK_UK>
</indexes>
</Table>
