<?xml version = '1.0' encoding = 'UTF-8'?>
<Table class="oracle.dbtools.crest.model.design.relational.Table" directorySegmentName="seg_0" id="4BB441C2-4AC1-9A7E-37AB-58BCC9F19244" name="Owner">
<createdBy>Alexandra Goh</createdBy>
<createdTime>2023-04-29 00:20:06 UTC</createdTime>
<generatorID>BFA83A32-7647-2137-FFAE-5005135F56A4</generatorID>
<ownerDesignName>cui_oraclemodel</ownerDesignName>
<allowColumnReorder>false</allowColumnReorder>
<existDependencyGenerateInDDl>true</existDependencyGenerateInDDl>
<parsed>true</parsed>
<columns itemClass="oracle.dbtools.crest.model.design.relational.Column">
<Column name="owner_id" id="C420DFD7-85B7-878B-0D42-8C778DC3C59E">
<createdBy>Alexandra Goh</createdBy>
<createdTime>2023-04-29 00:20:06 UTC</createdTime>
<commentInRDBMS><![CDATA[Owner ID]]></commentInRDBMS>
<generatorID>8FAA6D4E-AF36-86F9-896D-33B0E2217D90</generatorID>
<ownerDesignName>cui_oraclemodel</ownerDesignName>
<useDomainConstraints>false</useDomainConstraints>
<use>1</use>
<logicalDatatype>LOGDT019</logicalDatatype>
<dataTypePrecision>7</dataTypePrecision>
<ownDataTypeParameters>,7,</ownDataTypeParameters>
<autoIncrementCycle>false</autoIncrementCycle>
</Column>
<Column name="owner_givname" id="40A5B985-D6A1-49EF-7DD4-E9452B45A546">
<createdBy>Alexandra Goh</createdBy>
<createdTime>2023-04-29 00:20:06 UTC</createdTime>
<commentInRDBMS><![CDATA[Owner Given Name]]></commentInRDBMS>
<generatorID>FAD5611C-9904-BDDE-B3BD-8F42495AC3CF</generatorID>
<ownerDesignName>cui_oraclemodel</ownerDesignName>
<nullsAllowed>true</nullsAllowed>
<useDomainConstraints>false</useDomainConstraints>
<use>1</use>
<logicalDatatype>LOGDT024</logicalDatatype>
<dataTypeSize>30</dataTypeSize>
<ownDataTypeParameters>30,,</ownDataTypeParameters>
<autoIncrementCycle>false</autoIncrementCycle>
</Column>
<Column name="owner_famname" id="F87A1302-179C-A8F2-D2ED-E68DB8E109EB">
<createdBy>Alexandra Goh</createdBy>
<createdTime>2023-04-29 00:20:06 UTC</createdTime>
<commentInRDBMS><![CDATA[Owner Family Name]]></commentInRDBMS>
<generatorID>9B3A3442-6F6D-8958-E19D-317810011A17</generatorID>
<ownerDesignName>cui_oraclemodel</ownerDesignName>
<nullsAllowed>true</nullsAllowed>
<useDomainConstraints>false</useDomainConstraints>
<use>1</use>
<logicalDatatype>LOGDT024</logicalDatatype>
<dataTypeSize>30</dataTypeSize>
<ownDataTypeParameters>30,,</ownDataTypeParameters>
<autoIncrementCycle>false</autoIncrementCycle>
</Column>
<Column name="owner_email" id="CB82E111-5EDA-F8B8-BDB4-14A8FA0CA941">
<createdBy>Alexandra Goh</createdBy>
<createdTime>2023-04-29 00:20:06 UTC</createdTime>
<commentInRDBMS><![CDATA[Owner Email]]></commentInRDBMS>
<generatorID>D67DE12A-EF1D-6C4F-3749-04F8DD5264D3</generatorID>
<ownerDesignName>cui_oraclemodel</ownerDesignName>
<useDomainConstraints>false</useDomainConstraints>
<use>1</use>
<logicalDatatype>LOGDT024</logicalDatatype>
<dataTypeSize>50</dataTypeSize>
<ownDataTypeParameters>50,,</ownDataTypeParameters>
<autoIncrementCycle>false</autoIncrementCycle>
</Column>
<Column name="owner_phone" id="84EBE8FA-82CB-5418-DEAF-C6C71A35606F">
<createdBy>Alexandra Goh</createdBy>
<createdTime>2023-04-29 00:20:06 UTC</createdTime>
<commentInRDBMS><![CDATA[Owner Phone Number]]></commentInRDBMS>
<generatorID>5329E4F6-EA05-489E-295F-4CB429B804BD</generatorID>
<ownerDesignName>cui_oraclemodel</ownerDesignName>
<useDomainConstraints>false</useDomainConstraints>
<use>1</use>
<logicalDatatype>LOGDT025</logicalDatatype>
<dataTypeSize>10</dataTypeSize>
<ownDataTypeParameters>10,,</ownDataTypeParameters>
<autoIncrementCycle>false</autoIncrementCycle>
</Column>
<Column name="owner_street_add" id="BF8E0DE7-429F-1D40-820A-3AC8BE13ED9F">
<createdBy>Alexandra Goh</createdBy>
<createdTime>2023-04-29 00:20:06 UTC</createdTime>
<commentInRDBMS><![CDATA[Owner Street Address]]></commentInRDBMS>
<generatorID>B0E7F66E-30F0-BCF4-757A-02FDE8A37870</generatorID>
<ownerDesignName>cui_oraclemodel</ownerDesignName>
<useDomainConstraints>false</useDomainConstraints>
<use>1</use>
<logicalDatatype>LOGDT024</logicalDatatype>
<dataTypeSize>50</dataTypeSize>
<ownDataTypeParameters>50,,</ownDataTypeParameters>
<autoIncrementCycle>false</autoIncrementCycle>
</Column>
<Column name="owner_building_no" id="1ABD74E5-A079-EA2B-860C-21C910E6B4DC">
<createdBy>Alexandra Goh</createdBy>
<createdTime>2023-04-29 00:20:06 UTC</createdTime>
<commentInRDBMS><![CDATA[Owner Building Number (apartment number, suite number, etc.) ]]></commentInRDBMS>
<generatorID>C6E2461F-02D3-E08E-79ED-D9FEFB0D6A50</generatorID>
<ownerDesignName>cui_oraclemodel</ownerDesignName>
<nullsAllowed>true</nullsAllowed>
<useDomainConstraints>false</useDomainConstraints>
<use>1</use>
<logicalDatatype>LOGDT024</logicalDatatype>
<dataTypeSize>20</dataTypeSize>
<ownDataTypeParameters>20,,</ownDataTypeParameters>
<autoIncrementCycle>false</autoIncrementCycle>
</Column>
<Column name="owner_zip" id="4DE6377C-F899-EA96-0A5A-D62D2CCD17CE">
<createdBy>Alexandra Goh</createdBy>
<createdTime>2023-04-29 00:20:06 UTC</createdTime>
<commentInRDBMS><![CDATA[Owner ZIP code]]></commentInRDBMS>
<generatorID>1E84FA33-EF6F-D639-A6A4-384B0B715F0C</generatorID>
<ownerDesignName>cui_oraclemodel</ownerDesignName>
<useDomainConstraints>false</useDomainConstraints>
<use>1</use>
<logicalDatatype>LOGDT025</logicalDatatype>
<dataTypeSize>4</dataTypeSize>
<ownDataTypeParameters>4,,</ownDataTypeParameters>
<autoIncrementCycle>false</autoIncrementCycle>
</Column>
<Column name="owner_suburb" id="4D731D1C-55C3-D7FE-70A7-062BAD96D633">
<createdBy>Alexandra Goh</createdBy>
<createdTime>2023-04-29 00:20:06 UTC</createdTime>
<commentInRDBMS><![CDATA[Owner Address Suburb]]></commentInRDBMS>
<generatorID>571C1E40-F306-52E6-34D2-AD4AEFFA11A2</generatorID>
<ownerDesignName>cui_oraclemodel</ownerDesignName>
<useDomainConstraints>false</useDomainConstraints>
<use>1</use>
<logicalDatatype>LOGDT024</logicalDatatype>
<dataTypeSize>20</dataTypeSize>
<ownDataTypeParameters>20,,</ownDataTypeParameters>
<autoIncrementCycle>false</autoIncrementCycle>
</Column>
<Column name="owner_state" id="41D27B2F-6E28-634F-156E-A2824B81A9D3">
<createdBy>Alexandra Goh</createdBy>
<createdTime>2023-04-29 00:20:06 UTC</createdTime>
<commentInRDBMS><![CDATA[Owner State]]></commentInRDBMS>
<generatorID>01101B5D-DAC6-7510-2929-4128D5150B4A</generatorID>
<ownerDesignName>cui_oraclemodel</ownerDesignName>
<useDomainConstraints>false</useDomainConstraints>
<use>1</use>
<logicalDatatype>LOGDT024</logicalDatatype>
<dataTypeSize>20</dataTypeSize>
<ownDataTypeParameters>20,,</ownDataTypeParameters>
<autoIncrementCycle>false</autoIncrementCycle>
</Column>
</columns>
<indexes itemClass="oracle.dbtools.crest.model.design.relational.Index">
<ind_PK_UK id="D463D28F-E124-27F4-5C75-15F3F38F1366" name="Owner_PK">
<createdBy>Alexandra Goh</createdBy>
<createdTime>2023-04-29 00:20:06 UTC</createdTime>
<generatorID>65FEAF2F-3CB4-139D-1F4F-3898A19D7E8B</generatorID>
<ownerDesignName>cui_oraclemodel</ownerDesignName>
<pk>true</pk>
<indexState>Primary Constraint</indexState>
<isSurrogateKey>false</isSurrogateKey>
<indexColumnUsage>
<colUsage columnID="C420DFD7-85B7-878B-0D42-8C778DC3C59E"/>
</indexColumnUsage>
</ind_PK_UK>
</indexes>
</Table>
