<?xml version = '1.0' encoding = 'UTF-8'?>
<Table class="oracle.dbtools.crest.model.design.relational.Table" directorySegmentName="seg_0" id="7C1338AC-E9DE-8A60-6AD9-C526577E0D2B" name="PROPERTY_OWNER">
<createdBy>Alexandra Goh</createdBy>
<createdTime>2023-04-29 00:20:06 UTC</createdTime>
<generatorID>4B9D195B-6167-357D-4FC0-D1037BC6F3F9</generatorID>
<ownerDesignName>cui_oraclemodel</ownerDesignName>
<allowColumnReorder>false</allowColumnReorder>
<existDependencyGenerateInDDl>true</existDependencyGenerateInDDl>
<parsed>true</parsed>
<columns itemClass="oracle.dbtools.crest.model.design.relational.Column">
<Column name="owner_id" id="73B2A364-F436-84EE-DF89-15DA295F89B5">
<createdBy>Alexandra Goh</createdBy>
<createdTime>2023-04-29 00:20:06 UTC</createdTime>
<commentInRDBMS><![CDATA[Owner ID]]></commentInRDBMS>
<generatorID>38605082-6D43-72FE-0FB2-93D3F56BA850</generatorID>
<ownerDesignName>cui_oraclemodel</ownerDesignName>
<useDomainConstraints>false</useDomainConstraints>
<use>1</use>
<logicalDatatype>LOGDT019</logicalDatatype>
<dataTypePrecision>7</dataTypePrecision>
<ownDataTypeParameters>,,</ownDataTypeParameters>
<previousColumn>false</previousColumn>
<autoIncrementCycle>false</autoIncrementCycle>
<associations>
<colAssociation fkAssociation="E39E9988-41E9-5159-0BA8-F9744D7CC72A" referredColumn="C420DFD7-85B7-878B-0D42-8C778DC3C59E"/>
</associations>
</Column>
<Column name="prop_id" id="4A87DA51-9AD2-AD69-834E-4CCFEC1AAAC0">
<createdBy>Alexandra Goh</createdBy>
<createdTime>2023-04-29 00:20:06 UTC</createdTime>
<commentInRDBMS><![CDATA[surrogate key of property]]></commentInRDBMS>
<generatorID>7D97D699-FC98-5BC7-27DE-6FA4EA1BD5C9</generatorID>
<ownerDesignName>cui_oraclemodel</ownerDesignName>
<useDomainConstraints>false</useDomainConstraints>
<use>1</use>
<logicalDatatype>LOGDT019</logicalDatatype>
<dataTypePrecision>4</dataTypePrecision>
<ownDataTypeParameters>,,</ownDataTypeParameters>
<previousColumn>false</previousColumn>
<autoIncrementCycle>false</autoIncrementCycle>
<associations>
<colAssociation fkAssociation="9D0FD15E-30C7-FC5D-33A5-6AEF1C31DBF9" referredColumn="FD918257-AB5F-5B98-6D3F-5F549B80D7B0"/>
</associations>
</Column>
</columns>
<indexes itemClass="oracle.dbtools.crest.model.design.relational.Index">
<ind_PK_UK id="81B2E8CD-CAB3-8C96-965F-3E07F33CEB2F" name="PROPERTY_OWNER_PK">
<createdBy>Alexandra Goh</createdBy>
<createdTime>2023-04-29 00:20:06 UTC</createdTime>
<generatorID>EFBB1A62-53A1-789A-69C8-672F52B49558</generatorID>
<ownerDesignName>cui_oraclemodel</ownerDesignName>
<pk>true</pk>
<indexState>Primary Constraint</indexState>
<isSurrogateKey>false</isSurrogateKey>
<indexColumnUsage>
<colUsage columnID="73B2A364-F436-84EE-DF89-15DA295F89B5"/>
<colUsage columnID="4A87DA51-9AD2-AD69-834E-4CCFEC1AAAC0"/>
</indexColumnUsage>
</ind_PK_UK>
<ind_PK_UK id="3AA6C6D7-6E5F-8B98-6C40-C96EE3918158" name="owner_prop">
<createdBy>Alexandra Goh</createdBy>
<createdTime>2023-04-29 00:20:06 UTC</createdTime>
<generatorID>2A1E4EEE-DA58-818C-9C25-4DF1734492F4</generatorID>
<ownerDesignName>cui_oraclemodel</ownerDesignName>
<indexState>Foreign Key</indexState>
<isSurrogateKey>false</isSurrogateKey>
<indexColumnUsage>
<colUsage columnID="73B2A364-F436-84EE-DF89-15DA295F89B5"/>
</indexColumnUsage>
</ind_PK_UK>
<ind_PK_UK id="4C079E12-99C2-D6EF-7742-E7CECCCF15F9" name="prop_owner">
<createdBy>Alexandra Goh</createdBy>
<createdTime>2023-04-29 00:20:06 UTC</createdTime>
<generatorID>786B8EB2-5685-8F0D-50C7-28460BB47C89</generatorID>
<ownerDesignName>cui_oraclemodel</ownerDesignName>
<indexState>Foreign Key</indexState>
<isSurrogateKey>false</isSurrogateKey>
<indexColumnUsage>
<colUsage columnID="4A87DA51-9AD2-AD69-834E-4CCFEC1AAAC0"/>
</indexColumnUsage>
</ind_PK_UK>
</indexes>
</Table>
