<?xml version = '1.0' encoding = 'UTF-8'?>
<Table class="oracle.dbtools.crest.model.design.relational.Table" directorySegmentName="seg_0" id="A6E3A182-C32D-DA10-AD92-04D0A7E01BFE" name="DRIVER">
<createdBy>Alexandra Goh</createdBy>
<createdTime>2023-04-29 00:20:06 UTC</createdTime>
<generatorID>0F46CB0A-43A4-E345-61BE-0708C7B7A31A</generatorID>
<ownerDesignName>cui_oraclemodel</ownerDesignName>
<allowColumnReorder>false</allowColumnReorder>
<existDependencyGenerateInDDl>true</existDependencyGenerateInDDl>
<parsed>true</parsed>
<columns itemClass="oracle.dbtools.crest.model.design.relational.Column">
<Column name="driver_no" id="2418BA13-F72B-8C90-B675-569E45BF918C">
<createdBy>Alexandra Goh</createdBy>
<createdTime>2023-04-29 00:20:06 UTC</createdTime>
<commentInRDBMS><![CDATA[driver number]]></commentInRDBMS>
<generatorID>D5984C6A-06F5-B1E9-DFEA-FDD491CEFCFE</generatorID>
<ownerDesignName>cui_oraclemodel</ownerDesignName>
<useDomainConstraints>false</useDomainConstraints>
<use>1</use>
<logicalDatatype>LOGDT019</logicalDatatype>
<dataTypePrecision>4</dataTypePrecision>
<ownDataTypeParameters>,4,</ownDataTypeParameters>
<autoIncrementCycle>false</autoIncrementCycle>
</Column>
<Column name="driver_licence_no" id="108321A0-0DB7-148B-0AAB-AAA247765075">
<createdBy>Alexandra Goh</createdBy>
<createdTime>2023-04-29 00:20:06 UTC</createdTime>
<commentInRDBMS><![CDATA[driver licence number]]></commentInRDBMS>
<generatorID>558D5D7C-E5E8-AA27-7D4C-160AC8C3F1FE</generatorID>
<ownerDesignName>cui_oraclemodel</ownerDesignName>
<useDomainConstraints>false</useDomainConstraints>
<use>1</use>
<logicalDatatype>LOGDT025</logicalDatatype>
<dataTypeSize>9</dataTypeSize>
<ownDataTypeParameters>9,,</ownDataTypeParameters>
<autoIncrementCycle>false</autoIncrementCycle>
</Column>
<Column name="driver_givname" id="4CAC1010-5CC3-E782-B1E9-0B5CB8AA18DF">
<createdBy>Alexandra Goh</createdBy>
<createdTime>2023-04-29 00:20:06 UTC</createdTime>
<commentInRDBMS><![CDATA[driver given name]]></commentInRDBMS>
<generatorID>4272E678-A670-5117-EE32-CF8595A6E464</generatorID>
<ownerDesignName>cui_oraclemodel</ownerDesignName>
<useDomainConstraints>false</useDomainConstraints>
<use>1</use>
<logicalDatatype>LOGDT024</logicalDatatype>
<dataTypeSize>30</dataTypeSize>
<ownDataTypeParameters>30,,</ownDataTypeParameters>
<autoIncrementCycle>false</autoIncrementCycle>
</Column>
<Column name="driver_famname" id="BD405E96-6693-AD1E-C4C6-61DE7393FBE4">
<createdBy>Alexandra Goh</createdBy>
<createdTime>2023-04-29 00:20:06 UTC</createdTime>
<commentInRDBMS><![CDATA[driver family name]]></commentInRDBMS>
<generatorID>A3AF1584-B53B-CF8C-B80B-8A690C4D9BE2</generatorID>
<ownerDesignName>cui_oraclemodel</ownerDesignName>
<useDomainConstraints>false</useDomainConstraints>
<use>1</use>
<logicalDatatype>LOGDT024</logicalDatatype>
<dataTypeSize>30</dataTypeSize>
<ownDataTypeParameters>30,,</ownDataTypeParameters>
<autoIncrementCycle>false</autoIncrementCycle>
</Column>
<Column name="driver_dob" id="AC149338-88C0-F1A0-1099-2ECB33474273">
<createdBy>Alexandra Goh</createdBy>
<createdTime>2023-04-29 00:20:06 UTC</createdTime>
<commentInRDBMS><![CDATA[driver date of birth]]></commentInRDBMS>
<generatorID>E2F748C4-E437-F12E-AB27-ADBFE2DCA004</generatorID>
<ownerDesignName>cui_oraclemodel</ownerDesignName>
<useDomainConstraints>false</useDomainConstraints>
<use>1</use>
<logicalDatatype>LOGDT007</logicalDatatype>
<ownDataTypeParameters>,,</ownDataTypeParameters>
<autoIncrementCycle>false</autoIncrementCycle>
</Column>
<Column name="driver_tfn" id="9D5D30E2-4C85-2021-9C30-BD1ADE0A2BC3">
<createdBy>Alexandra Goh</createdBy>
<createdTime>2023-04-29 00:20:06 UTC</createdTime>
<commentInRDBMS><![CDATA[driver tax file number]]></commentInRDBMS>
<generatorID>5B400804-421A-3E1A-4BC5-E32B16AA846B</generatorID>
<ownerDesignName>cui_oraclemodel</ownerDesignName>
<useDomainConstraints>false</useDomainConstraints>
<use>1</use>
<logicalDatatype>LOGDT025</logicalDatatype>
<dataTypeSize>9</dataTypeSize>
<ownDataTypeParameters>9,,</ownDataTypeParameters>
<autoIncrementCycle>false</autoIncrementCycle>
</Column>
<Column name="driver_contact" id="5231F074-98D6-6DC5-6292-F4712264D23F">
<createdBy>Alexandra Goh</createdBy>
<createdTime>2023-04-29 00:20:06 UTC</createdTime>
<commentInRDBMS><![CDATA[driver contact number]]></commentInRDBMS>
<generatorID>09B5FE72-8885-1C68-F5AA-3CD17BEE51D6</generatorID>
<ownerDesignName>cui_oraclemodel</ownerDesignName>
<useDomainConstraints>false</useDomainConstraints>
<use>1</use>
<logicalDatatype>LOGDT025</logicalDatatype>
<dataTypeSize>10</dataTypeSize>
<ownDataTypeParameters>10,,</ownDataTypeParameters>
<autoIncrementCycle>false</autoIncrementCycle>
</Column>
</columns>
<indexes itemClass="oracle.dbtools.crest.model.design.relational.Index">
<ind_PK_UK id="FED6E2F5-AA0B-90F8-0926-5BB19C50A549" name="DRIVER_PK">
<createdBy>Alexandra Goh</createdBy>
<createdTime>2023-04-29 00:20:06 UTC</createdTime>
<generatorID>2C43950A-7E3A-A33F-4F48-35A180C77A6D</generatorID>
<ownerDesignName>cui_oraclemodel</ownerDesignName>
<pk>true</pk>
<indexState>Primary Constraint</indexState>
<isSurrogateKey>false</isSurrogateKey>
<indexColumnUsage>
<colUsage columnID="2418BA13-F72B-8C90-B675-569E45BF918C"/>
</indexColumnUsage>
</ind_PK_UK>
</indexes>
</Table>
