<?xml version = '1.0' encoding = 'UTF-8'?>
<Table class="oracle.dbtools.crest.model.design.relational.Table" directorySegmentName="seg_0" id="DCEED6AA-B191-55CC-FBE3-2BDA2C89A064" name="AUTHORITY">
<createdBy>Alexandra Goh</createdBy>
<createdTime>2023-04-29 00:20:06 UTC</createdTime>
<generatorID>714D97AF-22D6-4183-B8C9-C93F4BCCD65C</generatorID>
<ownerDesignName>cui_oraclemodel</ownerDesignName>
<allowColumnReorder>false</allowColumnReorder>
<existDependencyGenerateInDDl>true</existDependencyGenerateInDDl>
<parsed>true</parsed>
<columns itemClass="oracle.dbtools.crest.model.design.relational.Column">
<Column name="au_name" id="59F96506-759A-7876-45D5-B9AFB24BD18B">
<createdBy>Alexandra Goh</createdBy>
<createdTime>2023-04-29 00:20:06 UTC</createdTime>
<commentInRDBMS><![CDATA[Authority Name]]></commentInRDBMS>
<generatorID>992FBA62-77EC-318B-A579-6645BD342FB5</generatorID>
<ownerDesignName>cui_oraclemodel</ownerDesignName>
<useDomainConstraints>false</useDomainConstraints>
<use>1</use>
<logicalDatatype>LOGDT024</logicalDatatype>
<dataTypeSize>50</dataTypeSize>
<ownDataTypeParameters>50,,</ownDataTypeParameters>
<autoIncrementCycle>false</autoIncrementCycle>
</Column>
<Column name="au_ceo_givname" id="02DDC98F-A243-F3CB-7FEC-15CA7390F6BF">
<createdBy>Alexandra Goh</createdBy>
<createdTime>2023-04-29 00:20:06 UTC</createdTime>
<commentInRDBMS><![CDATA[Authority CEO Given Name]]></commentInRDBMS>
<generatorID>02552325-2749-D7E8-8B58-643BD68CDEC3</generatorID>
<ownerDesignName>cui_oraclemodel</ownerDesignName>
<nullsAllowed>true</nullsAllowed>
<useDomainConstraints>false</useDomainConstraints>
<use>1</use>
<logicalDatatype>LOGDT024</logicalDatatype>
<dataTypeSize>30</dataTypeSize>
<ownDataTypeParameters>30,,</ownDataTypeParameters>
<autoIncrementCycle>false</autoIncrementCycle>
</Column>
<Column name="au_ceo_famname" id="C54554EB-2DDF-243E-DF36-7D8E61DB0FDE">
<createdBy>Alexandra Goh</createdBy>
<createdTime>2023-04-29 00:20:06 UTC</createdTime>
<commentInRDBMS><![CDATA[Authority CEO Family Name]]></commentInRDBMS>
<generatorID>42AF0368-59B0-146E-022D-A4C58B84A1E9</generatorID>
<ownerDesignName>cui_oraclemodel</ownerDesignName>
<nullsAllowed>true</nullsAllowed>
<useDomainConstraints>false</useDomainConstraints>
<use>1</use>
<logicalDatatype>LOGDT024</logicalDatatype>
<dataTypeSize>30</dataTypeSize>
<ownDataTypeParameters>30,,</ownDataTypeParameters>
<autoIncrementCycle>false</autoIncrementCycle>
</Column>
<Column name="au_contact_no" id="A080A3AD-0B76-4985-855A-DE6E469DC56E">
<createdBy>Alexandra Goh</createdBy>
<createdTime>2023-04-29 00:20:06 UTC</createdTime>
<commentInRDBMS><![CDATA[Authority Contact Number]]></commentInRDBMS>
<generatorID>EF830397-A6E6-6D5F-3B79-9B160AC802B5</generatorID>
<ownerDesignName>cui_oraclemodel</ownerDesignName>
<useDomainConstraints>false</useDomainConstraints>
<use>1</use>
<logicalDatatype>LOGDT025</logicalDatatype>
<dataTypeSize>10</dataTypeSize>
<ownDataTypeParameters>10,,</ownDataTypeParameters>
<autoIncrementCycle>false</autoIncrementCycle>
</Column>
<Column name="au_total_area" id="704F6046-3BAB-624B-D039-856B104BC9F7">
<createdBy>Alexandra Goh</createdBy>
<createdTime>2023-04-29 00:20:06 UTC</createdTime>
<commentInRDBMS><![CDATA[Authority Total Area]]></commentInRDBMS>
<generatorID>3D880A4B-DF65-A794-5441-5A9D66CD03F8</generatorID>
<ownerDesignName>cui_oraclemodel</ownerDesignName>
<useDomainConstraints>false</useDomainConstraints>
<use>1</use>
<logicalDatatype>LOGDT019</logicalDatatype>
<dataTypePrecision>6</dataTypePrecision>
<dataTypeScale>2</dataTypeScale>
<ownDataTypeParameters>,6,2</ownDataTypeParameters>
<autoIncrementCycle>false</autoIncrementCycle>
</Column>
<Column name="au_type" id="5F97E7BF-49CB-AF29-AACA-B289D2C1399D">
<createdBy>Alexandra Goh</createdBy>
<createdTime>2023-04-29 00:20:06 UTC</createdTime>
<commentInRDBMS><![CDATA[Authority Type, B - Borough, C - City, D - District Council, S - Shire, T - Town]]></commentInRDBMS>
<generatorID>3CA15C54-6366-45AB-2E80-77BDA18D157B</generatorID>
<ownerDesignName>cui_oraclemodel</ownerDesignName>
<constraintName>chk_au_type</constraintName>
<useDomainConstraints>false</useDomainConstraints>
<use>1</use>
<logicalDatatype>LOGDT024</logicalDatatype>
<dataTypeSize>30</dataTypeSize>
<listOfValues>
<valueDef value="B" description="Borough"/>
<valueDef value="C" description="City"/>
<valueDef value="DC" description="District Council"/>
<valueDef value="S" description="Shire"/>
<valueDef value="T" description="Town"/>
</listOfValues>
<ownDataTypeParameters>30,,</ownDataTypeParameters>
<autoIncrementCycle>false</autoIncrementCycle>
</Column>
</columns>
<indexes itemClass="oracle.dbtools.crest.model.design.relational.Index">
<ind_PK_UK id="A64B23F5-DD5D-77C5-DAC5-A974C11CDB85" name="AUTHORITY_PK">
<createdBy>Alexandra Goh</createdBy>
<createdTime>2023-04-29 00:20:06 UTC</createdTime>
<generatorID>26FB2E65-32B8-2F1A-048B-C48E2B0804DA</generatorID>
<ownerDesignName>cui_oraclemodel</ownerDesignName>
<pk>true</pk>
<indexState>Primary Constraint</indexState>
<isSurrogateKey>false</isSurrogateKey>
<indexColumnUsage>
<colUsage columnID="59F96506-759A-7876-45D5-B9AFB24BD18B"/>
</indexColumnUsage>
</ind_PK_UK>
</indexes>
</Table>
