<?xml version = '1.0' encoding = 'UTF-8'?>
<FKIndexAssociation class="oracle.dbtools.crest.model.design.relational.FKIndexAssociation" directorySegmentName="seg_0" id="4ED657A1-57FB-AF97-E736-4F15D18E662C" containerWithKeyObject="F811FEDA-EBDF-AFF9-4DCE-9B597559427B" localFKIndex="639363D9-DDA6-F057-C9F7-4DD905EA8867" name="waste_collection">
<createdBy>Alexandra Goh</createdBy>
<createdTime>2023-04-29 01:31:27 UTC</createdTime>
<generatorID>0AB832AE-3194-0E5E-9AD2-7E29EDAC8EB6</generatorID>
<ownerDesignName>cui_oraclemodel</ownerDesignName>
<referredTableLongName>CON_WT_CHARGE</referredTableLongName>
<deleteRule>NO ACTION</deleteRule>
<referredTableID>64796272-4DA3-9E0F-66CA-7047A9DDF2D8</referredTableID>
<keyObject>B119CC41-9CF4-21CD-654E-C6CC618CC85F</keyObject>
<referredKeyID>B119CC41-9CF4-21CD-654E-C6CC618CC85F</referredKeyID>
<mandatory>true</mandatory>
<refColNames>contract_no,waste_type_id</refColNames>
<transferable>true</transferable>
<rely>false</rely>
<columnDependencyConstraintGenerateInDDL>true</columnDependencyConstraintGenerateInDDL>
</FKIndexAssociation>
