<?xml version = '1.0' encoding = 'UTF-8'?>
<FKIndexAssociation class="oracle.dbtools.crest.model.design.relational.FKIndexAssociation" directorySegmentName="seg_0" id="6C43A040-775E-1893-AC5E-AA6170EAD519" containerWithKeyObject="8873BF5D-440C-14BB-60F8-C79CEFB3E570" localFKIndex="088298AD-456B-4474-0863-C8327AA9F0E0" name="bintype_bincharge">
<createdBy>Alexandra Goh</createdBy>
<createdTime>2023-04-29 01:31:27 UTC</createdTime>
<generatorID>78747F44-0F87-B26F-E415-0670C4D21D88</generatorID>
<ownerDesignName>cui_oraclemodel</ownerDesignName>
<referredTableLongName>BIN_TYPE</referredTableLongName>
<deleteRule>NO ACTION</deleteRule>
<referredTableID>38944F56-C484-6DAF-1B60-31748A44D2BD</referredTableID>
<keyObject>8FECFB86-4934-AC76-4FCE-29D6D669AE05</keyObject>
<referredKeyID>8FECFB86-4934-AC76-4FCE-29D6D669AE05</referredKeyID>
<mandatory>true</mandatory>
<refColNames>bin_size,waste_type_id</refColNames>
<transferable>true</transferable>
<rely>false</rely>
<columnDependencyConstraintGenerateInDDL>true</columnDependencyConstraintGenerateInDDL>
</FKIndexAssociation>
