<?xml version = '1.0' encoding = 'UTF-8'?>
<FKIndexAssociation class="oracle.dbtools.crest.model.design.relational.FKIndexAssociation" directorySegmentName="seg_0" id="9A898F42-D7CD-7AED-92D7-B4531EF23DF7" containerWithKeyObject="BABFEB94-A323-5846-7E1B-BF8B91EDB562" localFKIndex="83D49809-8AD3-D3F2-88BF-49255B35C9A5" name="owner_prop">
<createdBy>Alexandra Goh</createdBy>
<createdTime>2023-04-29 01:31:27 UTC</createdTime>
<generatorID>2A1E4EEE-DA58-818C-9C25-4DF1734492F4</generatorID>
<ownerDesignName>cui_oraclemodel</ownerDesignName>
<referredTableLongName>Owner</referredTableLongName>
<deleteRule>NO ACTION</deleteRule>
<referredTableID>5C0EFD4E-964F-3FE8-4BD2-40621CB25597</referredTableID>
<keyObject>856613B0-DECF-1CB8-81AB-435AC604F12C</keyObject>
<referredKeyID>856613B0-DECF-1CB8-81AB-435AC604F12C</referredKeyID>
<mandatory>true</mandatory>
<refColNames>owner_id</refColNames>
<transferable>true</transferable>
<rely>false</rely>
<columnDependencyConstraintGenerateInDDL>true</columnDependencyConstraintGenerateInDDL>
</FKIndexAssociation>
