<?xml version = '1.0' encoding = 'UTF-8'?>
<Entity class="oracle.dbtools.crest.model.design.logical.Entity" directorySegmentName="seg_0" id="0F46CB0A-43A4-E345-61BE-0708C7B7A31A" name="DRIVER">
<createdBy>Bolin</createdBy>
<createdTime>2023-04-24 15:23:15 UTC</createdTime>
<ownerDesignName>cui_oraclemodel</ownerDesignName>
<engineerTo>
<item key="DF9263F2-DBF0-60E6-B701-13BC5D5F6235" value="true"/>
</engineerTo>
<adequatelyNormalized>NO</adequatelyNormalized>
<expectedVolumes>0</expectedVolumes>
<fwdEngineeringStrategyName>Single Table</fwdEngineeringStrategyName>
<growthPercent>0</growthPercent>
<growthType>Year</growthType>
<maxVolumes>9999999</maxVolumes>
<minVolumes>0</minVolumes>
<normalForm>Third</normalForm>
<attributes itemClass="oracle.dbtools.crest.model.design.logical.Attribute">
<Attribute name="driver_no" id="D5984C6A-06F5-B1E9-DFEA-FDD491CEFCFE">
<createdBy>Bolin</createdBy>
<createdTime>2023-04-24 15:23:35 UTC</createdTime>
<commentInRDBMS><![CDATA[driver number]]></commentInRDBMS>
<ownerDesignName>cui_oraclemodel</ownerDesignName>
<engineerTo>
<item key="DF9263F2-DBF0-60E6-B701-13BC5D5F6235" value="true"/>
</engineerTo>
<useDomainConstraints>false</useDomainConstraints>
<use>1</use>
<logicalDatatype>LOGDT019</logicalDatatype>
<dataTypePrecision>4</dataTypePrecision>
<ownDataTypeParameters>,4,</ownDataTypeParameters>
</Attribute>
<Attribute name="driver_licence_no" id="558D5D7C-E5E8-AA27-7D4C-160AC8C3F1FE">
<createdBy>Bolin</createdBy>
<createdTime>2023-04-24 15:26:26 UTC</createdTime>
<commentInRDBMS><![CDATA[driver licence number]]></commentInRDBMS>
<ownerDesignName>cui_oraclemodel</ownerDesignName>
<engineerTo>
<item key="DF9263F2-DBF0-60E6-B701-13BC5D5F6235" value="true"/>
</engineerTo>
<useDomainConstraints>false</useDomainConstraints>
<use>1</use>
<logicalDatatype>LOGDT025</logicalDatatype>
<dataTypeSize>9</dataTypeSize>
<ownDataTypeParameters>9,,</ownDataTypeParameters>
</Attribute>
<Attribute name="driver_givname" id="4272E678-A670-5117-EE32-CF8595A6E464">
<createdBy>Bolin</createdBy>
<createdTime>2023-04-24 15:27:21 UTC</createdTime>
<commentInRDBMS><![CDATA[driver given name]]></commentInRDBMS>
<ownerDesignName>cui_oraclemodel</ownerDesignName>
<engineerTo>
<item key="DF9263F2-DBF0-60E6-B701-13BC5D5F6235" value="true"/>
</engineerTo>
<useDomainConstraints>false</useDomainConstraints>
<use>1</use>
<logicalDatatype>LOGDT024</logicalDatatype>
<dataTypeSize>30</dataTypeSize>
<ownDataTypeParameters>30,,</ownDataTypeParameters>
</Attribute>
<Attribute name="driver_famname" id="A3AF1584-B53B-CF8C-B80B-8A690C4D9BE2">
<createdBy>Bolin</createdBy>
<createdTime>2023-04-24 15:27:55 UTC</createdTime>
<commentInRDBMS><![CDATA[driver family name]]></commentInRDBMS>
<ownerDesignName>cui_oraclemodel</ownerDesignName>
<engineerTo>
<item key="DF9263F2-DBF0-60E6-B701-13BC5D5F6235" value="true"/>
</engineerTo>
<useDomainConstraints>false</useDomainConstraints>
<use>1</use>
<logicalDatatype>LOGDT024</logicalDatatype>
<dataTypeSize>30</dataTypeSize>
<ownDataTypeParameters>30,,</ownDataTypeParameters>
</Attribute>
<Attribute name="driver_dob" id="E2F748C4-E437-F12E-AB27-ADBFE2DCA004">
<createdBy>Bolin</createdBy>
<createdTime>2023-04-24 15:29:24 UTC</createdTime>
<commentInRDBMS><![CDATA[driver date of birth]]></commentInRDBMS>
<ownerDesignName>cui_oraclemodel</ownerDesignName>
<engineerTo>
<item key="DF9263F2-DBF0-60E6-B701-13BC5D5F6235" value="true"/>
</engineerTo>
<useDomainConstraints>false</useDomainConstraints>
<use>1</use>
<logicalDatatype>LOGDT007</logicalDatatype>
<ownDataTypeParameters>,,</ownDataTypeParameters>
</Attribute>
<Attribute name="driver_tfn" id="5B400804-421A-3E1A-4BC5-E32B16AA846B">
<createdBy>Bolin</createdBy>
<createdTime>2023-04-24 15:29:56 UTC</createdTime>
<commentInRDBMS><![CDATA[driver tax file number]]></commentInRDBMS>
<ownerDesignName>cui_oraclemodel</ownerDesignName>
<engineerTo>
<item key="DF9263F2-DBF0-60E6-B701-13BC5D5F6235" value="true"/>
</engineerTo>
<useDomainConstraints>false</useDomainConstraints>
<use>1</use>
<logicalDatatype>LOGDT025</logicalDatatype>
<dataTypeSize>9</dataTypeSize>
<ownDataTypeParameters>9,,</ownDataTypeParameters>
</Attribute>
<Attribute name="driver_contact" id="09B5FE72-8885-1C68-F5AA-3CD17BEE51D6">
<createdBy>Bolin</createdBy>
<createdTime>2023-04-24 15:30:46 UTC</createdTime>
<commentInRDBMS><![CDATA[driver contact number]]></commentInRDBMS>
<ownerDesignName>cui_oraclemodel</ownerDesignName>
<engineerTo>
<item key="DF9263F2-DBF0-60E6-B701-13BC5D5F6235" value="true"/>
</engineerTo>
<useDomainConstraints>false</useDomainConstraints>
<use>1</use>
<logicalDatatype>LOGDT025</logicalDatatype>
<dataTypeSize>10</dataTypeSize>
<ownDataTypeParameters>10,,</ownDataTypeParameters>
</Attribute>
</attributes>
<identifiers itemClass="oracle.dbtools.crest.model.design.logical.CandidateKey">
<identifier id="2C43950A-7E3A-A33F-4F48-35A180C77A6D" name="DRIVER PK">
<createdBy>Bolin</createdBy>
<createdTime>2023-04-24 15:26:23 UTC</createdTime>
<ownerDesignName>cui_oraclemodel</ownerDesignName>
<shouldEngineer>false</shouldEngineer>
<engineerTo>
<item key="DF9263F2-DBF0-60E6-B701-13BC5D5F6235" value="false"/>
</engineerTo>
<pk>true</pk>
<usedAttributes>
<attributeRef>D5984C6A-06F5-B1E9-DFEA-FDD491CEFCFE</attributeRef>
</usedAttributes>
</identifier>
</identifiers>
</Entity>
