<?xml version = '1.0' encoding = 'UTF-8'?>
<Entity class="oracle.dbtools.crest.model.design.logical.Entity" directorySegmentName="seg_0" id="3C02F359-38FF-0D53-9C5A-05357F2057AC" name="WASTE_TYPE">
<createdBy>Alexandra Goh</createdBy>
<createdTime>2023-04-28 13:49:30 UTC</createdTime>
<ownerDesignName>cui_oraclemodel</ownerDesignName>
<engineerTo>
<item key="DF9263F2-DBF0-60E6-B701-13BC5D5F6235" value="true"/>
</engineerTo>
<adequatelyNormalized>NO</adequatelyNormalized>
<expectedVolumes>0</expectedVolumes>
<fwdEngineeringStrategyName>Single Table</fwdEngineeringStrategyName>
<growthPercent>0</growthPercent>
<growthType>Year</growthType>
<maxVolumes>9999999</maxVolumes>
<minVolumes>0</minVolumes>
<normalForm>Third</normalForm>
<attributes itemClass="oracle.dbtools.crest.model.design.logical.Attribute">
<Attribute name="waste_type_id" id="12F81996-F6A6-9E00-34B4-A0D28B279521">
<createdBy>Alexandra Goh</createdBy>
<createdTime>2023-04-28 13:49:36 UTC</createdTime>
<commentInRDBMS><![CDATA[waste type ID]]></commentInRDBMS>
<ownerDesignName>cui_oraclemodel</ownerDesignName>
<engineerTo>
<item key="DF9263F2-DBF0-60E6-B701-13BC5D5F6235" value="true"/>
</engineerTo>
<useDomainConstraints>false</useDomainConstraints>
<use>1</use>
<logicalDatatype>LOGDT025</logicalDatatype>
<dataTypeSize>2</dataTypeSize>
<ownDataTypeParameters>2,,</ownDataTypeParameters>
</Attribute>
<Attribute name="waste_type_desc" id="C60E11D3-AF9F-550D-5041-707183EB7322">
<createdBy>Alexandra Goh</createdBy>
<createdTime>2023-04-29 12:41:58 UTC</createdTime>
<commentInRDBMS><![CDATA[waste type description (GW - green waste, L - landfill, SR - standard recycle, G - glass)]]></commentInRDBMS>
<ownerDesignName>cui_oraclemodel</ownerDesignName>
<engineerTo>
<item key="DF9263F2-DBF0-60E6-B701-13BC5D5F6235" value="true"/>
</engineerTo>
<constraintName>chk_waste_type_desc</constraintName>
<useDomainConstraints>false</useDomainConstraints>
<use>1</use>
<logicalDatatype>LOGDT024</logicalDatatype>
<dataTypeSize>50</dataTypeSize>
<listOfValues>
<valueDef value="G" description="Glass"/>
<valueDef value="GW" description="Green Waste"/>
<valueDef value="L" description="Landfill"/>
<valueDef value="SR" description="Standard Recycle"/>
</listOfValues>
<ownDataTypeParameters>50,,</ownDataTypeParameters>
</Attribute>
</attributes>
<identifiers itemClass="oracle.dbtools.crest.model.design.logical.CandidateKey">
<identifier id="44F9C816-DE44-E716-9190-039634A54AA5" name="WASTE_TYPE PK">
<createdBy>Alexandra Goh</createdBy>
<createdTime>2023-04-28 13:50:03 UTC</createdTime>
<ownerDesignName>cui_oraclemodel</ownerDesignName>
<shouldEngineer>false</shouldEngineer>
<engineerTo>
<item key="DF9263F2-DBF0-60E6-B701-13BC5D5F6235" value="false"/>
</engineerTo>
<pk>true</pk>
<usedAttributes>
<attributeRef>12F81996-F6A6-9E00-34B4-A0D28B279521</attributeRef>
</usedAttributes>
</identifier>
</identifiers>
</Entity>
