<?xml version = '1.0' encoding = 'UTF-8'?>
<Entity class="oracle.dbtools.crest.model.design.logical.Entity" directorySegmentName="seg_0" id="4B9D195B-6167-357D-4FC0-D1037BC6F3F9" name="PROPERTY_OWNER">
<createdBy>Alexandra Goh</createdBy>
<createdTime>2023-04-28 09:56:42 UTC</createdTime>
<ownerDesignName>cui_oraclemodel</ownerDesignName>
<engineerTo>
<item key="DF9263F2-DBF0-60E6-B701-13BC5D5F6235" value="true"/>
</engineerTo>
<adequatelyNormalized>NO</adequatelyNormalized>
<expectedVolumes>0</expectedVolumes>
<fwdEngineeringStrategyName>Single Table</fwdEngineeringStrategyName>
<growthPercent>0</growthPercent>
<growthType>Year</growthType>
<maxVolumes>9999999</maxVolumes>
<minVolumes>0</minVolumes>
<normalForm>Third</normalForm>
<attributes itemClass="oracle.dbtools.crest.model.design.logical.Attribute">
<Attribute name="prop_id" id="7D97D699-FC98-5BC7-27DE-6FA4EA1BD5C9">
<createdBy>Alexandra Goh</createdBy>
<createdTime>2023-04-28 11:08:56 UTC</createdTime>
<commentInRDBMS><![CDATA[surrogate key of property]]></commentInRDBMS>
<generatorID>786B8EB2-5685-8F0D-50C7-28460BB47C89</generatorID>
<ownerDesignName>cui_oraclemodel</ownerDesignName>
<engineerTo>
<item key="DF9263F2-DBF0-60E6-B701-13BC5D5F6235" value="true"/>
</engineerTo>
<referedAttribute>3659C2EE-2D53-8DA2-F38D-697342EF5040</referedAttribute>
<useDomainConstraints>false</useDomainConstraints>
<use>1</use>
<logicalDatatype>LOGDT019</logicalDatatype>
<dataTypePrecision>4</dataTypePrecision>
<ownDataTypeParameters>,,</ownDataTypeParameters>
</Attribute>
<Attribute name="owner_id" id="38605082-6D43-72FE-0FB2-93D3F56BA850">
<createdBy>Alexandra Goh</createdBy>
<createdTime>2023-04-28 10:01:23 UTC</createdTime>
<commentInRDBMS><![CDATA[Owner ID]]></commentInRDBMS>
<generatorID>2A1E4EEE-DA58-818C-9C25-4DF1734492F4</generatorID>
<ownerDesignName>cui_oraclemodel</ownerDesignName>
<engineerTo>
<item key="DF9263F2-DBF0-60E6-B701-13BC5D5F6235" value="true"/>
</engineerTo>
<referedAttribute>8FAA6D4E-AF36-86F9-896D-33B0E2217D90</referedAttribute>
<useDomainConstraints>false</useDomainConstraints>
<use>1</use>
<logicalDatatype>LOGDT019</logicalDatatype>
<dataTypePrecision>7</dataTypePrecision>
<ownDataTypeParameters>,,</ownDataTypeParameters>
</Attribute>
</attributes>
<identifiers itemClass="oracle.dbtools.crest.model.design.logical.CandidateKey">
<identifier id="EFBB1A62-53A1-789A-69C8-672F52B49558" name="PROPERTY_OWNER PK">
<createdBy>Alexandra Goh</createdBy>
<createdTime>2023-04-28 09:57:51 UTC</createdTime>
<ownerDesignName>cui_oraclemodel</ownerDesignName>
<shouldEngineer>false</shouldEngineer>
<engineerTo>
<item key="DF9263F2-DBF0-60E6-B701-13BC5D5F6235" value="false"/>
</engineerTo>
<pk>true</pk>
<usedAttributes>
<attributeRef>38605082-6D43-72FE-0FB2-93D3F56BA850</attributeRef>
<attributeRef>7D97D699-FC98-5BC7-27DE-6FA4EA1BD5C9</attributeRef>
</usedAttributes>
</identifier>
</identifiers>
</Entity>
