<?xml version = '1.0' encoding = 'UTF-8'?>
<Entity class="oracle.dbtools.crest.model.design.logical.Entity" directorySegmentName="seg_0" id="551B688C-97A8-C2A4-1AD0-5D273EF90475" name="PROPERTY">
<createdBy>99pra</createdBy>
<createdTime>2023-04-27 15:04:19 UTC</createdTime>
<ownerDesignName>cui_oraclemodel</ownerDesignName>
<engineerTo>
<item key="DF9263F2-DBF0-60E6-B701-13BC5D5F6235" value="true"/>
</engineerTo>
<adequatelyNormalized>NO</adequatelyNormalized>
<expectedVolumes>0</expectedVolumes>
<fwdEngineeringStrategyName>Single Table</fwdEngineeringStrategyName>
<growthPercent>0</growthPercent>
<growthType>Year</growthType>
<maxVolumes>9999999</maxVolumes>
<minVolumes>0</minVolumes>
<normalForm>Third</normalForm>
<attributes itemClass="oracle.dbtools.crest.model.design.logical.Attribute">
<Attribute name="prop_id" id="3659C2EE-2D53-8DA2-F38D-697342EF5040">
<createdBy>Alexandra Goh</createdBy>
<createdTime>2023-04-28 11:00:14 UTC</createdTime>
<commentInRDBMS><![CDATA[surrogate key of property]]></commentInRDBMS>
<ownerDesignName>cui_oraclemodel</ownerDesignName>
<engineerTo>
<item key="DF9263F2-DBF0-60E6-B701-13BC5D5F6235" value="true"/>
</engineerTo>
<useDomainConstraints>false</useDomainConstraints>
<use>1</use>
<logicalDatatype>LOGDT019</logicalDatatype>
<dataTypePrecision>4</dataTypePrecision>
<ownDataTypeParameters>,4,</ownDataTypeParameters>
</Attribute>
<Attribute name="prop_no" id="B2A41057-CF8D-888A-E728-781DE7238C21">
<createdBy>99pra</createdBy>
<createdTime>2023-04-27 15:04:54 UTC</createdTime>
<commentInRDBMS><![CDATA[Property Number]]></commentInRDBMS>
<ownerDesignName>cui_oraclemodel</ownerDesignName>
<engineerTo>
<item key="DF9263F2-DBF0-60E6-B701-13BC5D5F6235" value="true"/>
</engineerTo>
<useDomainConstraints>false</useDomainConstraints>
<use>1</use>
<logicalDatatype>LOGDT019</logicalDatatype>
<dataTypePrecision>4</dataTypePrecision>
<ownDataTypeParameters>,4,</ownDataTypeParameters>
</Attribute>
<Attribute name="street_id" id="95C304EA-9C8F-21C0-B983-EA36EBFC739B">
<createdBy>Alexandra Goh</createdBy>
<createdTime>2023-04-28 09:53:30 UTC</createdTime>
<commentInRDBMS><![CDATA[Street ID]]></commentInRDBMS>
<generatorID>405758D0-F738-C225-9316-4CC2D35F95D9</generatorID>
<ownerDesignName>cui_oraclemodel</ownerDesignName>
<engineerTo>
<item key="DF9263F2-DBF0-60E6-B701-13BC5D5F6235" value="true"/>
</engineerTo>
<referedAttribute>79C47BCB-CA49-915D-6923-C1798E7F6FBD</referedAttribute>
<useDomainConstraints>false</useDomainConstraints>
<use>1</use>
<logicalDatatype>LOGDT019</logicalDatatype>
<dataTypePrecision>4</dataTypePrecision>
<ownDataTypeParameters>,,</ownDataTypeParameters>
</Attribute>
<Attribute name="au_name" id="6585ED4D-3DBE-CC37-DDED-75D6F0D4C3B7">
<createdBy>Alexandra Goh</createdBy>
<createdTime>2023-04-28 09:53:30 UTC</createdTime>
<commentInRDBMS><![CDATA[Authority Name]]></commentInRDBMS>
<generatorID>405758D0-F738-C225-9316-4CC2D35F95D9</generatorID>
<ownerDesignName>cui_oraclemodel</ownerDesignName>
<engineerTo>
<item key="DF9263F2-DBF0-60E6-B701-13BC5D5F6235" value="true"/>
</engineerTo>
<referedAttribute>FC34BA81-5619-82CA-2D5C-4882481FDCB6</referedAttribute>
<useDomainConstraints>false</useDomainConstraints>
<use>1</use>
<logicalDatatype>LOGDT024</logicalDatatype>
<dataTypeSize>50</dataTypeSize>
<ownDataTypeParameters>,,</ownDataTypeParameters>
</Attribute>
</attributes>
<identifiers itemClass="oracle.dbtools.crest.model.design.logical.CandidateKey">
<identifier id="21E0097E-92FD-BACF-A740-5504E1F275FA" name="PROPERTY PK">
<createdBy>99pra</createdBy>
<createdTime>2023-04-27 15:05:34 UTC</createdTime>
<ownerDesignName>cui_oraclemodel</ownerDesignName>
<shouldEngineer>false</shouldEngineer>
<engineerTo>
<item key="DF9263F2-DBF0-60E6-B701-13BC5D5F6235" value="false"/>
</engineerTo>
<pk>true</pk>
<usedAttributes>
<attributeRef>3659C2EE-2D53-8DA2-F38D-697342EF5040</attributeRef>
</usedAttributes>
</identifier>
<identifier id="F929E42B-91CE-4141-FD6C-6FAB66D7E79F" name="PROPERTY_NK">
<createdBy>Alexandra Goh</createdBy>
<createdTime>2023-04-28 11:20:17 UTC</createdTime>
<ownerDesignName>cui_oraclemodel</ownerDesignName>
<shouldEngineer>false</shouldEngineer>
<engineerTo>
<item key="DF9263F2-DBF0-60E6-B701-13BC5D5F6235" value="false"/>
</engineerTo>
<newElementsIDs>B2A41057-CF8D-888A-E728-781DE7238C21,95C304EA-9C8F-21C0-B983-EA36EBFC739B,6585ED4D-3DBE-CC37-DDED-75D6F0D4C3B7</newElementsIDs>
<usedAttributes>
<attributeRef>B2A41057-CF8D-888A-E728-781DE7238C21</attributeRef>
<attributeRef>95C304EA-9C8F-21C0-B983-EA36EBFC739B</attributeRef>
<attributeRef>6585ED4D-3DBE-CC37-DDED-75D6F0D4C3B7</attributeRef>
</usedAttributes>
</identifier>
</identifiers>
</Entity>
