<?xml version = '1.0' encoding = 'UTF-8'?>
<Entity class="oracle.dbtools.crest.model.design.logical.Entity" directorySegmentName="seg_0" id="FB0AC473-F03F-7681-465D-F2DA96CC9FAC" name="CON_BIN_CHARGE">
<createdBy>Bolin</createdBy>
<createdTime>2023-04-24 15:44:58 UTC</createdTime>
<ownerDesignName>cui_oraclemodel</ownerDesignName>
<engineerTo>
<item key="DF9263F2-DBF0-60E6-B701-13BC5D5F6235" value="true"/>
</engineerTo>
<adequatelyNormalized>NO</adequatelyNormalized>
<expectedVolumes>0</expectedVolumes>
<fwdEngineeringStrategyName>Single Table</fwdEngineeringStrategyName>
<growthPercent>0</growthPercent>
<growthType>Year</growthType>
<maxVolumes>9999999</maxVolumes>
<minVolumes>0</minVolumes>
<normalForm>Third</normalForm>
<attributes itemClass="oracle.dbtools.crest.model.design.logical.Attribute">
<Attribute name="bin_charge_no" id="5BB8F79E-9E39-0C17-8348-E5F6439D9451">
<createdBy>Alexandra Goh</createdBy>
<createdTime>2023-04-28 11:24:00 UTC</createdTime>
<commentInRDBMS><![CDATA[surrogate key of bin charge]]></commentInRDBMS>
<ownerDesignName>cui_oraclemodel</ownerDesignName>
<engineerTo>
<item key="DF9263F2-DBF0-60E6-B701-13BC5D5F6235" value="true"/>
</engineerTo>
<useDomainConstraints>false</useDomainConstraints>
<use>1</use>
<logicalDatatype>LOGDT019</logicalDatatype>
<dataTypePrecision>5</dataTypePrecision>
<ownDataTypeParameters>,5,</ownDataTypeParameters>
</Attribute>
<Attribute name="contract_no" id="8DEBD3A6-45D6-D9ED-A03F-D4B3E3CD84ED">
<createdBy>Alexandra Goh</createdBy>
<createdTime>2023-04-28 10:39:40 UTC</createdTime>
<commentInRDBMS><![CDATA[contract number]]></commentInRDBMS>
<generatorID>D254CF59-4602-7BD0-0031-CD8F76B0C89D</generatorID>
<ownerDesignName>cui_oraclemodel</ownerDesignName>
<engineerTo>
<item key="DF9263F2-DBF0-60E6-B701-13BC5D5F6235" value="true"/>
</engineerTo>
<referedAttribute>65CDC8CD-E2A9-9E18-27F8-FCD5CD7A9FCD</referedAttribute>
<useDomainConstraints>false</useDomainConstraints>
<use>1</use>
<logicalDatatype>LOGDT019</logicalDatatype>
<dataTypePrecision>7</dataTypePrecision>
<ownDataTypeParameters>,7,</ownDataTypeParameters>
</Attribute>
<Attribute name="bin_size" id="F8BB1F38-38C6-5D10-7CA9-62BE1968B7CD">
<createdBy>Alexandra Goh</createdBy>
<createdTime>2023-04-28 10:34:15 UTC</createdTime>
<commentInRDBMS><![CDATA[bin size ]]></commentInRDBMS>
<generatorID>78747F44-0F87-B26F-E415-0670C4D21D88</generatorID>
<ownerDesignName>cui_oraclemodel</ownerDesignName>
<engineerTo>
<item key="DF9263F2-DBF0-60E6-B701-13BC5D5F6235" value="true"/>
</engineerTo>
<referedAttribute>A3E74931-3D7E-982A-D131-995137E8012C</referedAttribute>
<useDomainConstraints>false</useDomainConstraints>
<use>1</use>
<logicalDatatype>LOGDT019</logicalDatatype>
<dataTypePrecision>3</dataTypePrecision>
<ownDataTypeParameters>,3,</ownDataTypeParameters>
</Attribute>
<Attribute name="waste_type_id" id="13B719E9-E251-8442-61DB-6413AB136A15">
<createdBy>Alexandra Goh</createdBy>
<createdTime>2023-04-28 13:55:46 UTC</createdTime>
<commentInRDBMS><![CDATA[waste type ID]]></commentInRDBMS>
<generatorID>78747F44-0F87-B26F-E415-0670C4D21D88</generatorID>
<ownerDesignName>cui_oraclemodel</ownerDesignName>
<engineerTo>
<item key="DF9263F2-DBF0-60E6-B701-13BC5D5F6235" value="true"/>
</engineerTo>
<referedAttribute>E6CB3871-F866-1DFA-31C4-EF63BE46CBF0</referedAttribute>
<useDomainConstraints>false</useDomainConstraints>
<use>1</use>
<logicalDatatype>LOGDT025</logicalDatatype>
<dataTypeSize>2</dataTypeSize>
<ownDataTypeParameters>2,,</ownDataTypeParameters>
</Attribute>
<Attribute name="bin_supply_cost" id="0C896357-33A5-35B5-A5E4-D22FF487AE5E">
<createdBy>Bolin</createdBy>
<createdTime>2023-04-24 15:45:20 UTC</createdTime>
<commentInRDBMS><![CDATA[supply cost of bin]]></commentInRDBMS>
<ownerDesignName>cui_oraclemodel</ownerDesignName>
<engineerTo>
<item key="DF9263F2-DBF0-60E6-B701-13BC5D5F6235" value="true"/>
</engineerTo>
<useDomainConstraints>false</useDomainConstraints>
<use>1</use>
<logicalDatatype>LOGDT019</logicalDatatype>
<dataTypePrecision>3</dataTypePrecision>
<dataTypeScale>2</dataTypeScale>
<ownDataTypeParameters>,3,2</ownDataTypeParameters>
</Attribute>
</attributes>
<identifiers itemClass="oracle.dbtools.crest.model.design.logical.CandidateKey">
<identifier id="985EC126-BD98-D454-9058-C1AFE565284A" name="CON_BIN_CHARGE PK">
<createdBy>Alexandra Goh</createdBy>
<createdTime>2023-04-28 10:34:55 UTC</createdTime>
<ownerDesignName>cui_oraclemodel</ownerDesignName>
<shouldEngineer>false</shouldEngineer>
<engineerTo>
<item key="DF9263F2-DBF0-60E6-B701-13BC5D5F6235" value="false"/>
</engineerTo>
<pk>true</pk>
<usedAttributes>
<attributeRef>5BB8F79E-9E39-0C17-8348-E5F6439D9451</attributeRef>
</usedAttributes>
</identifier>
<identifier id="D036C43D-DC27-A0D1-61F5-0E5E212CECEA" name="CON_BIN_CHARGE_NK">
<createdBy>Alexandra Goh</createdBy>
<createdTime>2023-04-28 11:25:51 UTC</createdTime>
<ownerDesignName>cui_oraclemodel</ownerDesignName>
<shouldEngineer>false</shouldEngineer>
<engineerTo>
<item key="DF9263F2-DBF0-60E6-B701-13BC5D5F6235" value="false"/>
</engineerTo>
<newElementsIDs>8DEBD3A6-45D6-D9ED-A03F-D4B3E3CD84ED,F8BB1F38-38C6-5D10-7CA9-62BE1968B7CD,13B719E9-E251-8442-61DB-6413AB136A15</newElementsIDs>
<usedAttributes>
<attributeRef>8DEBD3A6-45D6-D9ED-A03F-D4B3E3CD84ED</attributeRef>
<attributeRef>F8BB1F38-38C6-5D10-7CA9-62BE1968B7CD</attributeRef>
<attributeRef>13B719E9-E251-8442-61DB-6413AB136A15</attributeRef>
</usedAttributes>
</identifier>
</identifiers>
</Entity>
