<?xml version = '1.0' encoding = 'UTF-8'?>
<Entity class="oracle.dbtools.crest.model.design.logical.Entity" directorySegmentName="seg_0" id="FCA8ACE8-273E-BC3D-8833-90E135AF6656" name="DRIVER_TRUCK">
<createdBy>Bolin</createdBy>
<createdTime>2023-04-27 03:19:02 UTC</createdTime>
<ownerDesignName>cui_oraclemodel</ownerDesignName>
<engineerTo>
<item key="DF9263F2-DBF0-60E6-B701-13BC5D5F6235" value="true"/>
</engineerTo>
<adequatelyNormalized>NO</adequatelyNormalized>
<expectedVolumes>0</expectedVolumes>
<fwdEngineeringStrategyName>Single Table</fwdEngineeringStrategyName>
<growthPercent>0</growthPercent>
<growthType>Year</growthType>
<maxVolumes>9999999</maxVolumes>
<minVolumes>0</minVolumes>
<normalForm>Third</normalForm>
<attributes itemClass="oracle.dbtools.crest.model.design.logical.Attribute">
<Attribute name="truck_vin" id="B93FE56D-E687-F394-8F60-9EF30B76D7A5">
<createdBy>Alexandra Goh</createdBy>
<createdTime>2023-04-28 10:48:38 UTC</createdTime>
<commentInRDBMS><![CDATA[truck vehicle identification number]]></commentInRDBMS>
<generatorID>05CFCC7E-E693-B1C8-F2E7-9D6A09841F78</generatorID>
<ownerDesignName>cui_oraclemodel</ownerDesignName>
<engineerTo>
<item key="DF9263F2-DBF0-60E6-B701-13BC5D5F6235" value="true"/>
</engineerTo>
<referedAttribute>40CCCF19-0BA9-4C1E-EB21-A85B31436835</referedAttribute>
<useDomainConstraints>false</useDomainConstraints>
<use>1</use>
<logicalDatatype>LOGDT025</logicalDatatype>
<dataTypeSize>17</dataTypeSize>
<ownDataTypeParameters>17,,</ownDataTypeParameters>
</Attribute>
<Attribute name="driver_no" id="4F74A919-9D00-4536-2F9C-483E03871972">
<createdBy>Alexandra Goh</createdBy>
<createdTime>2023-04-28 10:49:59 UTC</createdTime>
<commentInRDBMS><![CDATA[driver number]]></commentInRDBMS>
<generatorID>0FC6EB64-39B2-418A-6591-D5808DB7F898</generatorID>
<ownerDesignName>cui_oraclemodel</ownerDesignName>
<engineerTo>
<item key="DF9263F2-DBF0-60E6-B701-13BC5D5F6235" value="true"/>
</engineerTo>
<referedAttribute>D5984C6A-06F5-B1E9-DFEA-FDD491CEFCFE</referedAttribute>
<useDomainConstraints>false</useDomainConstraints>
<use>1</use>
<logicalDatatype>LOGDT019</logicalDatatype>
<dataTypePrecision>4</dataTypePrecision>
<ownDataTypeParameters>,4,</ownDataTypeParameters>
</Attribute>
<Attribute name="driver_approval_date" id="33B60412-2EE2-8F5B-6EE0-A34BF8712B3D">
<createdBy>Bolin</createdBy>
<createdTime>2023-04-27 03:19:17 UTC</createdTime>
<commentInRDBMS><![CDATA[driver approval date]]></commentInRDBMS>
<ownerDesignName>cui_oraclemodel</ownerDesignName>
<engineerTo>
<item key="DF9263F2-DBF0-60E6-B701-13BC5D5F6235" value="true"/>
</engineerTo>
<useDomainConstraints>false</useDomainConstraints>
<use>1</use>
<logicalDatatype>LOGDT007</logicalDatatype>
<ownDataTypeParameters>,,</ownDataTypeParameters>
</Attribute>
</attributes>
<identifiers itemClass="oracle.dbtools.crest.model.design.logical.CandidateKey">
<identifier id="8B25F7CF-5EED-1780-B573-2EC71DCA2F58" name="DRIVER_TRUCK PK">
<createdBy>Alexandra Goh</createdBy>
<createdTime>2023-04-28 10:48:38 UTC</createdTime>
<ownerDesignName>cui_oraclemodel</ownerDesignName>
<shouldEngineer>false</shouldEngineer>
<engineerTo>
<item key="DF9263F2-DBF0-60E6-B701-13BC5D5F6235" value="false"/>
</engineerTo>
<pk>true</pk>
<usedAttributes>
<attributeRef>B93FE56D-E687-F394-8F60-9EF30B76D7A5</attributeRef>
<attributeRef>4F74A919-9D00-4536-2F9C-483E03871972</attributeRef>
</usedAttributes>
</identifier>
</identifiers>
</Entity>
