<?xml version = '1.0' encoding = 'UTF-8'?>
<Table class="oracle.dbtools.crest.model.design.relational.Table" directorySegmentName="seg_0" id="FC08D19E-53CA-4718-8183-D77C9F274AE3" name="STREET">
<createdBy>Alexandra Goh</createdBy>
<createdTime>2023-04-29 01:31:27 UTC</createdTime>
<generatorID>95FC747E-435E-1696-A0B9-D5773B42DBC6</generatorID>
<ownerDesignName>cui_oraclemodel</ownerDesignName>
<allowColumnReorder>false</allowColumnReorder>
<existDependencyGenerateInDDl>true</existDependencyGenerateInDDl>
<parsed>true</parsed>
<columns itemClass="oracle.dbtools.crest.model.design.relational.Column">
<Column name="street_id" id="E7FB9E95-08F0-4B4E-DBF2-FB753FE23914">
<createdBy>Alexandra Goh</createdBy>
<createdTime>2023-04-29 01:31:27 UTC</createdTime>
<commentInRDBMS><![CDATA[Street ID]]></commentInRDBMS>
<generatorID>79C47BCB-CA49-915D-6923-C1798E7F6FBD</generatorID>
<ownerDesignName>cui_oraclemodel</ownerDesignName>
<useDomainConstraints>false</useDomainConstraints>
<use>1</use>
<logicalDatatype>LOGDT019</logicalDatatype>
<dataTypePrecision>4</dataTypePrecision>
<ownDataTypeParameters>,4,</ownDataTypeParameters>
<autoIncrementCycle>false</autoIncrementCycle>
</Column>
<Column name="au_name" id="F25267E0-BEEA-2BC2-7651-AA82FC934A2B">
<createdBy>Alexandra Goh</createdBy>
<createdTime>2023-04-29 01:31:27 UTC</createdTime>
<commentInRDBMS><![CDATA[Authority Name]]></commentInRDBMS>
<generatorID>FC34BA81-5619-82CA-2D5C-4882481FDCB6</generatorID>
<ownerDesignName>cui_oraclemodel</ownerDesignName>
<useDomainConstraints>false</useDomainConstraints>
<use>1</use>
<logicalDatatype>LOGDT024</logicalDatatype>
<dataTypeSize>50</dataTypeSize>
<ownDataTypeParameters>50,,</ownDataTypeParameters>
<previousColumn>false</previousColumn>
<autoIncrementCycle>false</autoIncrementCycle>
<associations>
<colAssociation fkAssociation="CBFE590F-3240-3D81-3FE9-A2ACAC3FE7D2" referredColumn="826443B1-CED6-0F3B-A246-074996481099"/>
</associations>
</Column>
<Column name="street_name" id="15B506A5-2247-6ABC-8683-007908BD4158">
<createdBy>Alexandra Goh</createdBy>
<createdTime>2023-04-29 01:31:27 UTC</createdTime>
<commentInRDBMS><![CDATA[Street Name]]></commentInRDBMS>
<generatorID>086F8FBB-3C56-5689-C1DC-FA4F8E78B1C0</generatorID>
<ownerDesignName>cui_oraclemodel</ownerDesignName>
<useDomainConstraints>false</useDomainConstraints>
<use>1</use>
<logicalDatatype>LOGDT024</logicalDatatype>
<dataTypeSize>30</dataTypeSize>
<ownDataTypeParameters>30,,</ownDataTypeParameters>
<autoIncrementCycle>false</autoIncrementCycle>
</Column>
<Column name="street_length" id="76B24D8C-893F-059D-AC3A-FBF16B1FEBFE">
<createdBy>Alexandra Goh</createdBy>
<createdTime>2023-04-29 01:31:27 UTC</createdTime>
<commentInRDBMS><![CDATA[Street  Length]]></commentInRDBMS>
<generatorID>4E0DA678-07EC-930A-C107-2DE05D7AC2C3</generatorID>
<ownerDesignName>cui_oraclemodel</ownerDesignName>
<useDomainConstraints>false</useDomainConstraints>
<use>1</use>
<logicalDatatype>LOGDT019</logicalDatatype>
<dataTypePrecision>6</dataTypePrecision>
<dataTypeScale>2</dataTypeScale>
<ownDataTypeParameters>,6,2</ownDataTypeParameters>
<autoIncrementCycle>false</autoIncrementCycle>
</Column>
<Column name="street_road_type" id="5BD31CC5-996D-B6EE-0208-EAC3F68C74EF">
<createdBy>Alexandra Goh</createdBy>
<createdTime>2023-04-29 01:31:27 UTC</createdTime>
<commentInRDBMS><![CDATA[Street Road Type (A - Asphalt, C - Concrete, U - Unsealed)]]></commentInRDBMS>
<generatorID>79EDFCC4-F4C8-3308-01E1-3E221A7C03A9</generatorID>
<ownerDesignName>cui_oraclemodel</ownerDesignName>
<constraintName>chk_street_road_type</constraintName>
<useDomainConstraints>false</useDomainConstraints>
<use>1</use>
<logicalDatatype>LOGDT024</logicalDatatype>
<dataTypeSize>8</dataTypeSize>
<listOfValues>
<valueDef value="A" description="Asphalt"/>
<valueDef value="C" description="Concrete"/>
<valueDef value="U" description="Unsealed"/>
</listOfValues>
<ownDataTypeParameters>8,,</ownDataTypeParameters>
<autoIncrementCycle>false</autoIncrementCycle>
</Column>
<Column name="street_lane_no" id="2178C700-20E8-0D6C-2A23-8A182BAFD81E">
<createdBy>Alexandra Goh</createdBy>
<createdTime>2023-04-29 01:31:27 UTC</createdTime>
<commentInRDBMS><![CDATA[Street Lane Number]]></commentInRDBMS>
<generatorID>67EB40D7-53AD-1B98-5173-DEF98C61AC1D</generatorID>
<ownerDesignName>cui_oraclemodel</ownerDesignName>
<useDomainConstraints>false</useDomainConstraints>
<use>1</use>
<logicalDatatype>LOGDT019</logicalDatatype>
<dataTypePrecision>2</dataTypePrecision>
<ownDataTypeParameters>,2,</ownDataTypeParameters>
<autoIncrementCycle>false</autoIncrementCycle>
</Column>
</columns>
<indexes itemClass="oracle.dbtools.crest.model.design.relational.Index">
<ind_PK_UK id="0F5DF018-F076-065C-D999-CCE8974BC569" name="STREET_PK">
<createdBy>Alexandra Goh</createdBy>
<createdTime>2023-04-29 01:31:27 UTC</createdTime>
<generatorID>4E32C3C2-486D-9474-EC78-CC172C0DE007</generatorID>
<ownerDesignName>cui_oraclemodel</ownerDesignName>
<pk>true</pk>
<indexState>Primary Constraint</indexState>
<isSurrogateKey>false</isSurrogateKey>
<indexColumnUsage>
<colUsage columnID="E7FB9E95-08F0-4B4E-DBF2-FB753FE23914"/>
<colUsage columnID="F25267E0-BEEA-2BC2-7651-AA82FC934A2B"/>
</indexColumnUsage>
</ind_PK_UK>
<ind_PK_UK id="91664D20-95F9-B868-7AF2-DD62B6434251" name="auth_street">
<createdBy>Alexandra Goh</createdBy>
<createdTime>2023-04-29 01:31:27 UTC</createdTime>
<generatorID>8F638077-4C1F-55B4-9DC4-F9C9C40BF602</generatorID>
<ownerDesignName>cui_oraclemodel</ownerDesignName>
<indexState>Foreign Key</indexState>
<isSurrogateKey>false</isSurrogateKey>
<indexColumnUsage>
<colUsage columnID="F25267E0-BEEA-2BC2-7651-AA82FC934A2B"/>
</indexColumnUsage>
</ind_PK_UK>
</indexes>
</Table>
