<?xml version = '1.0' encoding = 'UTF-8'?>
<Diagram class="oracle.dbtools.crest.swingui.relational.DPVRelational" name="Relational_1" id="0FBFC066-31E3-D007-7D7B-9701E36C56A3">
<createdBy>Alexandra Goh</createdBy>
<modifiedBy>Alexandra Goh</modifiedBy>
<createdTime>2023-04-29 00:18:53 UTC</createdTime>
<autoRoute>false</autoRoute>
<boxInbox>true</boxInbox>
<showLegend>false</showLegend>
<showLabels>false</showLabels>
<showRelAttributes>false</showRelAttributes>
<gridEnabled>false</gridEnabled>
<showGrid>false</showGrid>
<diagramColor>-1</diagramColor>
<display>false</display>
<notation>1</notation>
<objectViews>
<OView class="oracle.dbtools.crest.swingui.relational.TVTable" oid="04028056-D89F-2B74-5CCE-8D8CFA2BF576" otype="Table" vid="F19C3251-E22B-3AFE-FABC-95C4163A264E">
<hideElementsInCurrentOnly>false</hideElementsInCurrentOnly>
<bounds x="1152" y="1353" width="341" height="178"/>
</OView>
<OView class="oracle.dbtools.crest.swingui.relational.TVTable" oid="06D6DF66-5314-BFAF-1D34-FBDC93A0E7D1" otype="Table" vid="86EFE761-5465-CB91-0F6D-59CD678AC388">
<hideElementsInCurrentOnly>false</hideElementsInCurrentOnly>
<bounds x="125" y="1294" width="287" height="136"/>
</OView>
<OView class="oracle.dbtools.crest.swingui.relational.TVTable" oid="12FE9FB7-DC9B-6036-DF78-E42BFA8C468E" otype="Table" vid="6E793D3C-C090-7146-FD91-387A647E1EF6">
<hideElementsInCurrentOnly>false</hideElementsInCurrentOnly>
<bounds x="667" y="371" width="257" height="248"/>
</OView>
<OView class="oracle.dbtools.crest.swingui.relational.TVTable" oid="4A2D8C59-0B41-FF26-ABED-785C161A1E37" otype="Table" vid="B56654FD-3E5A-3B01-676D-75FE4B5DA075">
<hideElementsInCurrentOnly>false</hideElementsInCurrentOnly>
<bounds x="66" y="965" width="226" height="122"/>
</OView>
<OView class="oracle.dbtools.crest.swingui.relational.TVTable" oid="4BB441C2-4AC1-9A7E-37AB-58BCC9F19244" otype="Table" vid="2C67DF4D-9DF5-49C8-36E2-F71B0D2AE6C1">
<hideElementsInCurrentOnly>false</hideElementsInCurrentOnly>
<bounds x="969" y="116" width="226" height="186"/>
</OView>
<OView class="oracle.dbtools.crest.swingui.relational.TVTable" oid="5FC2B34D-5556-BCD9-C581-C159D34538EB" otype="Table" vid="673D827B-F858-AC81-7320-07440A4B9CF9">
<hideElementsInCurrentOnly>false</hideElementsInCurrentOnly>
<bounds x="1158" y="642" width="269" height="136"/>
</OView>
<OView class="oracle.dbtools.crest.swingui.relational.TVTable" oid="697CB5EB-E576-410D-AD15-EBF76DAA0EC7" otype="Table" vid="BEBE287F-E8E2-3FE2-5693-7344056B5B5D">
<hideElementsInCurrentOnly>false</hideElementsInCurrentOnly>
<bounds x="1039" y="1225" width="224" height="74"/>
</OView>
<OView class="oracle.dbtools.crest.swingui.relational.TVTable" oid="72CBFA76-FAB5-7DCF-334D-7A748E05B364" otype="Table" vid="3ED42ADE-139E-BD05-B1F9-37881910FCBA">
<hideElementsInCurrentOnly>false</hideElementsInCurrentOnly>
<bounds x="677" y="701" width="253" height="164"/>
</OView>
<OView class="oracle.dbtools.crest.swingui.relational.TVTable" oid="7C1338AC-E9DE-8A60-6AD9-C526577E0D2B" otype="Table" vid="AD5DBAD5-A1E7-D776-2BC1-095B07B8CE3B">
<hideElementsInCurrentOnly>false</hideElementsInCurrentOnly>
<bounds x="976" y="381" width="250" height="108"/>
</OView>
<OView class="oracle.dbtools.crest.swingui.relational.TVTable" oid="7C16B8E3-D7AE-991F-766D-0110932A45C2" otype="Table" vid="1531C184-7BB4-79F5-2D44-BCCCD205976A">
<hideElementsInCurrentOnly>false</hideElementsInCurrentOnly>
<bounds x="1182" y="1615" width="235" height="122"/>
</OView>
<OView class="oracle.dbtools.crest.swingui.relational.TVTable" oid="A0692101-4A42-11F1-F716-B09C1CAC6A56" otype="Table" vid="C4EFE006-D8F4-880D-0658-F77181873E44">
<hideElementsInCurrentOnly>false</hideElementsInCurrentOnly>
<bounds x="707" y="1211" width="202" height="94"/>
</OView>
<OView class="oracle.dbtools.crest.swingui.relational.TVTable" oid="A6E3A182-C32D-DA10-AD92-04D0A7E01BFE" otype="Table" vid="C39AC316-68A0-059D-8218-A72BAC092351">
<hideElementsInCurrentOnly>false</hideElementsInCurrentOnly>
<bounds x="1530" y="1584" width="221" height="144"/>
</OView>
<OView class="oracle.dbtools.crest.swingui.relational.TVTable" oid="A8638C44-B229-75AA-719D-6FBDEB82C43D" otype="Table" vid="4DDC9CBB-ED82-366D-D1BA-56068ACA0B92">
<hideElementsInCurrentOnly>false</hideElementsInCurrentOnly>
<bounds x="694" y="130" width="213" height="150"/>
</OView>
<OView class="oracle.dbtools.crest.swingui.relational.TVTable" oid="B39D7A6C-EF79-F729-5FCD-237FF2B09525" otype="Table" vid="5D8492CD-2F2F-FB5D-AE71-3B1C464D5C7C">
<hideElementsInCurrentOnly>false</hideElementsInCurrentOnly>
<bounds x="930" y="1613" width="202" height="116"/>
</OView>
<OView class="oracle.dbtools.crest.swingui.relational.TVTable" oid="DCEED6AA-B191-55CC-FBE3-2BDA2C89A064" otype="Table" vid="5688E960-B5BC-9BE2-6D83-C6868362E107">
<hideElementsInCurrentOnly>false</hideElementsInCurrentOnly>
<bounds x="106" y="149" width="218" height="130"/>
</OView>
<OView class="oracle.dbtools.crest.swingui.relational.TVTable" oid="EBA93325-FA78-09D1-7216-A4F8399EE2E8" otype="Table" vid="0C41CCFA-2FA7-EEAE-52EE-DFF83DB4B003">
<hideElementsInCurrentOnly>false</hideElementsInCurrentOnly>
<bounds x="710" y="985" width="227" height="108"/>
</OView>
<OView class="oracle.dbtools.crest.swingui.relational.TVTable" oid="F5392D75-545B-5003-AA6B-53E9CF912A97" otype="Table" vid="3634DEFE-2FC6-6272-2323-19864E8470DD">
<hideElementsInCurrentOnly>false</hideElementsInCurrentOnly>
<bounds x="338" y="948" width="325" height="164"/>
</OView>
</objectViews>
<connectors>
<Connector class="oracle.dbtools.crest.swingui.relational.TVFKRelation" oid="0BB8A17A-31D1-CB23-AB26-63FFE4D0A706" otype="FKIndexAssociation" vid_source="F19C3251-E22B-3AFE-FABC-95C4163A264E" vid_target="673D827B-F858-AC81-7320-07440A4B9CF9">
<hideElementsInCurrentOnly>false</hideElementsInCurrentOnly>
<backgroundColor>-16777216</backgroundColor>
<lineWidth>1</lineWidth>
<points>
<point x="1292" y="1353"/>
<point x="1292" y="778"/>
</points>
</Connector>
<Connector class="oracle.dbtools.crest.swingui.relational.TVFKRelation" oid="0DBDFDA5-BAFB-1DEF-6584-285EDFAC7BB8" otype="FKIndexAssociation" vid_source="86EFE761-5465-CB91-0F6D-59CD678AC388" vid_target="F19C3251-E22B-3AFE-FABC-95C4163A264E">
<hideElementsInCurrentOnly>false</hideElementsInCurrentOnly>
<backgroundColor>-16777216</backgroundColor>
<lineWidth>1</lineWidth>
<points>
<point x="412" y="1391"/>
<point x="1152" y="1391"/>
</points>
</Connector>
<Connector class="oracle.dbtools.crest.swingui.relational.TVFKRelation" oid="15910B8E-01FB-1766-3A9F-B229CE1969E3" otype="FKIndexAssociation" vid_source="3ED42ADE-139E-BD05-B1F9-37881910FCBA" vid_target="673D827B-F858-AC81-7320-07440A4B9CF9">
<hideElementsInCurrentOnly>false</hideElementsInCurrentOnly>
<backgroundColor>-16777216</backgroundColor>
<lineWidth>1</lineWidth>
<points>
<point x="930" y="739"/>
<point x="1158" y="739"/>
</points>
</Connector>
<Connector class="oracle.dbtools.crest.swingui.relational.TVFKRelation" oid="1D364FFB-9348-7F84-73A8-6B4E14EA6C61" otype="FKIndexAssociation" vid_source="B56654FD-3E5A-3B01-676D-75FE4B5DA075" vid_target="3634DEFE-2FC6-6272-2323-19864E8470DD">
<hideElementsInCurrentOnly>false</hideElementsInCurrentOnly>
<backgroundColor>-16777216</backgroundColor>
<lineWidth>1</lineWidth>
<points>
<point x="292" y="1026"/>
<point x="338" y="1026"/>
</points>
</Connector>
<Connector class="oracle.dbtools.crest.swingui.relational.TVFKRelation" oid="2C2D5619-45CA-5D42-6783-F92E39667200" otype="FKIndexAssociation" vid_source="0C41CCFA-2FA7-EEAE-52EE-DFF83DB4B003" vid_target="3ED42ADE-139E-BD05-B1F9-37881910FCBA">
<hideElementsInCurrentOnly>false</hideElementsInCurrentOnly>
<backgroundColor>-16777216</backgroundColor>
<lineWidth>1</lineWidth>
<points>
<point x="820" y="985"/>
<point x="820" y="865"/>
</points>
</Connector>
<Connector class="oracle.dbtools.crest.swingui.relational.TVFKRelation" oid="314B3B1E-D46C-A7C2-7901-4A25C9B951F1" otype="FKIndexAssociation" vid_source="6E793D3C-C090-7146-FD91-387A647E1EF6" vid_target="3ED42ADE-139E-BD05-B1F9-37881910FCBA">
<hideElementsInCurrentOnly>false</hideElementsInCurrentOnly>
<backgroundColor>-16777216</backgroundColor>
<lineWidth>1</lineWidth>
<points>
<point x="800" y="619"/>
<point x="800" y="701"/>
</points>
</Connector>
<Connector class="oracle.dbtools.crest.swingui.relational.TVFKRelation" oid="38E7A38F-E3DD-1423-05B4-A14B3D503E3A" otype="FKIndexAssociation" vid_source="1531C184-7BB4-79F5-2D44-BCCCD205976A" vid_target="F19C3251-E22B-3AFE-FABC-95C4163A264E">
<hideElementsInCurrentOnly>false</hideElementsInCurrentOnly>
<backgroundColor>-16777216</backgroundColor>
<lineWidth>1</lineWidth>
<points>
<point x="1299" y="1615"/>
<point x="1299" y="1531"/>
</points>
</Connector>
<Connector class="oracle.dbtools.crest.swingui.relational.TVFKRelation" oid="4AE35058-899A-9982-A316-B29894CB8D8D" otype="FKIndexAssociation" vid_source="5688E960-B5BC-9BE2-6D83-C6868362E107" vid_target="4DDC9CBB-ED82-366D-D1BA-56068ACA0B92">
<hideElementsInCurrentOnly>false</hideElementsInCurrentOnly>
<backgroundColor>-16777216</backgroundColor>
<lineWidth>1</lineWidth>
<points>
<point x="324" y="214"/>
<point x="694" y="214"/>
</points>
</Connector>
<Connector class="oracle.dbtools.crest.swingui.relational.TVFKRelation" oid="51AF73A1-8835-1CFE-E278-2F5C8548E7B7" otype="FKIndexAssociation" vid_source="5D8492CD-2F2F-FB5D-AE71-3B1C464D5C7C" vid_target="1531C184-7BB4-79F5-2D44-BCCCD205976A">
<hideElementsInCurrentOnly>false</hideElementsInCurrentOnly>
<backgroundColor>-16777216</backgroundColor>
<lineWidth>1</lineWidth>
<points>
<point x="1132" y="1672"/>
<point x="1182" y="1672"/>
</points>
</Connector>
<Connector class="oracle.dbtools.crest.swingui.relational.TVFKRelation" oid="5A5C9C01-EF94-DDD7-C9A3-C1594C72AA01" otype="FKIndexAssociation" vid_source="5688E960-B5BC-9BE2-6D83-C6868362E107" vid_target="B56654FD-3E5A-3B01-676D-75FE4B5DA075">
<hideElementsInCurrentOnly>false</hideElementsInCurrentOnly>
<backgroundColor>-16777216</backgroundColor>
<lineWidth>1</lineWidth>
<points>
<point x="199" y="279"/>
<point x="199" y="965"/>
</points>
</Connector>
<Connector class="oracle.dbtools.crest.swingui.relational.TVFKRelation" oid="717CD566-AE6D-220A-5DBB-DB56E17C05CC" otype="FKIndexAssociation" vid_source="C39AC316-68A0-059D-8218-A72BAC092351" vid_target="1531C184-7BB4-79F5-2D44-BCCCD205976A">
<hideElementsInCurrentOnly>false</hideElementsInCurrentOnly>
<backgroundColor>-16777216</backgroundColor>
<lineWidth>1</lineWidth>
<points>
<point x="1530" y="1671"/>
<point x="1417" y="1671"/>
</points>
</Connector>
<Connector class="oracle.dbtools.crest.swingui.relational.TVFKRelation" oid="878D9AE5-DC4D-7C2A-E74E-224435F11615" otype="FKIndexAssociation" vid_source="C4EFE006-D8F4-880D-0658-F77181873E44" vid_target="0C41CCFA-2FA7-EEAE-52EE-DFF83DB4B003">
<hideElementsInCurrentOnly>false</hideElementsInCurrentOnly>
<backgroundColor>-16777216</backgroundColor>
<lineWidth>1</lineWidth>
<points>
<point x="809" y="1211"/>
<point x="809" y="1093"/>
</points>
</Connector>
<Connector class="oracle.dbtools.crest.swingui.relational.TVFKRelation" oid="9D0FD15E-30C7-FC5D-33A5-6AEF1C31DBF9" otype="FKIndexAssociation" vid_source="6E793D3C-C090-7146-FD91-387A647E1EF6" vid_target="AD5DBAD5-A1E7-D776-2BC1-095B07B8CE3B">
<hideElementsInCurrentOnly>false</hideElementsInCurrentOnly>
<backgroundColor>-16777216</backgroundColor>
<lineWidth>1</lineWidth>
<points>
<point x="924" y="435"/>
<point x="976" y="435"/>
</points>
</Connector>
<Connector class="oracle.dbtools.crest.swingui.relational.TVFKRelation" oid="A921278C-6E8C-9C19-BF74-5371737F39DB" otype="FKIndexAssociation" vid_source="4DDC9CBB-ED82-366D-D1BA-56068ACA0B92" vid_target="6E793D3C-C090-7146-FD91-387A647E1EF6">
<hideElementsInCurrentOnly>false</hideElementsInCurrentOnly>
<backgroundColor>-16777216</backgroundColor>
<lineWidth>1</lineWidth>
<points>
<point x="800" y="280"/>
<point x="800" y="371"/>
</points>
</Connector>
<Connector class="oracle.dbtools.crest.swingui.relational.TVFKRelation" oid="AFBEF988-A9D0-9CA0-8574-184FD10B4994" otype="FKIndexAssociation" vid_source="BEBE287F-E8E2-3FE2-5693-7344056B5B5D" vid_target="C4EFE006-D8F4-880D-0658-F77181873E44">
<hideElementsInCurrentOnly>false</hideElementsInCurrentOnly>
<backgroundColor>-16777216</backgroundColor>
<lineWidth>1</lineWidth>
<points>
<point x="1039" y="1262"/>
<point x="909" y="1262"/>
</points>
</Connector>
<Connector class="oracle.dbtools.crest.swingui.relational.TVFKRelation" oid="B61E59DA-BB6A-4147-59B4-D1260C3C4DBC" otype="FKIndexAssociation" vid_source="0C41CCFA-2FA7-EEAE-52EE-DFF83DB4B003" vid_target="3634DEFE-2FC6-6272-2323-19864E8470DD">
<hideElementsInCurrentOnly>false</hideElementsInCurrentOnly>
<backgroundColor>-16777216</backgroundColor>
<lineWidth>1</lineWidth>
<points>
<point x="710" y="1039"/>
<point x="663" y="1039"/>
</points>
</Connector>
<Connector class="oracle.dbtools.crest.swingui.relational.TVFKRelation" oid="B669AFB9-69EF-5C48-CF8F-D841ABA66019" otype="FKIndexAssociation" vid_source="B56654FD-3E5A-3B01-676D-75FE4B5DA075" vid_target="86EFE761-5465-CB91-0F6D-59CD678AC388">
<hideElementsInCurrentOnly>false</hideElementsInCurrentOnly>
<backgroundColor>-16777216</backgroundColor>
<lineWidth>1</lineWidth>
<points>
<point x="208" y="1087"/>
<point x="208" y="1294"/>
</points>
</Connector>
<Connector class="oracle.dbtools.crest.swingui.relational.TVFKRelation" oid="BB8AC017-85F4-6B3C-6D8F-396ADA71620E" otype="FKIndexAssociation" vid_source="C4EFE006-D8F4-880D-0658-F77181873E44" vid_target="86EFE761-5465-CB91-0F6D-59CD678AC388">
<hideElementsInCurrentOnly>false</hideElementsInCurrentOnly>
<backgroundColor>-16777216</backgroundColor>
<lineWidth>1</lineWidth>
<points>
<point x="707" y="1299"/>
<point x="412" y="1299"/>
</points>
</Connector>
<Connector class="oracle.dbtools.crest.swingui.relational.TVFKRelation" oid="E39E9988-41E9-5159-0BA8-F9744D7CC72A" otype="FKIndexAssociation" vid_source="2C67DF4D-9DF5-49C8-36E2-F71B0D2AE6C1" vid_target="AD5DBAD5-A1E7-D776-2BC1-095B07B8CE3B">
<hideElementsInCurrentOnly>false</hideElementsInCurrentOnly>
<backgroundColor>-16777216</backgroundColor>
<lineWidth>1</lineWidth>
<points>
<point x="1085" y="302"/>
<point x="1085" y="381"/>
</points>
</Connector>
</connectors>
</Diagram>
