<?xml version = '1.0' encoding = 'UTF-8'?>
<Diagram class="oracle.dbtools.crest.swingui.relational.DPVRelational" name="Relational_1" id="20F0966D-8393-BD76-0855-7FBCE808B475">
<createdBy>Alexandra Goh</createdBy>
<modifiedBy>Alexandra Goh</modifiedBy>
<createdTime>2023-04-29 01:30:49 UTC</createdTime>
<autoRoute>false</autoRoute>
<boxInbox>true</boxInbox>
<showLegend>false</showLegend>
<showLabels>false</showLabels>
<showRelAttributes>false</showRelAttributes>
<gridEnabled>false</gridEnabled>
<showGrid>false</showGrid>
<diagramColor>-1</diagramColor>
<display>false</display>
<notation>1</notation>
<objectViews>
<OView class="oracle.dbtools.crest.swingui.relational.TVTable" oid="38944F56-C484-6DAF-1B60-31748A44D2BD" otype="Table" vid="4F102B94-0DD0-2FE0-19A9-5253AB44D961">
<hideElementsInCurrentOnly>false</hideElementsInCurrentOnly>
<bounds x="808" y="922" width="227" height="108"/>
</OView>
<OView class="oracle.dbtools.crest.swingui.relational.TVTable" oid="43A64B2F-4A35-7B21-BC8B-2A8435CEA37C" otype="Table" vid="9EC54E03-ED10-E4E3-44DC-0A5CF5AE0F0F">
<hideElementsInCurrentOnly>false</hideElementsInCurrentOnly>
<bounds x="121" y="128" width="218" height="130"/>
</OView>
<OView class="oracle.dbtools.crest.swingui.relational.TVTable" oid="5C0EFD4E-964F-3FE8-4BD2-40621CB25597" otype="Table" vid="E10C6340-AD4D-8A7E-2307-460E6809E1E4">
<hideElementsInCurrentOnly>false</hideElementsInCurrentOnly>
<bounds x="1153" y="125" width="210" height="116"/>
</OView>
<OView class="oracle.dbtools.crest.swingui.relational.TVTable" oid="64796272-4DA3-9E0F-66CA-7047A9DDF2D8" otype="Table" vid="DFB67324-AC3E-718B-3D4C-9DCCCF1388A8">
<hideElementsInCurrentOnly>false</hideElementsInCurrentOnly>
<bounds x="136" y="1176" width="287" height="136"/>
</OView>
<OView class="oracle.dbtools.crest.swingui.relational.TVTable" oid="6B96C40C-5279-31DF-7312-038EAF323233" otype="Table" vid="9E6C0045-0CE9-A765-FF40-A687D1D873F2">
<hideElementsInCurrentOnly>false</hideElementsInCurrentOnly>
<bounds x="1169" y="1459" width="235" height="122"/>
</OView>
<OView class="oracle.dbtools.crest.swingui.relational.TVTable" oid="6E8DE7AF-E36B-B750-1091-847F453BB9ED" otype="Table" vid="E20A789A-BB29-7875-9477-41A3E006545D">
<hideElementsInCurrentOnly>false</hideElementsInCurrentOnly>
<bounds x="1158" y="642" width="269" height="136"/>
</OView>
<OView class="oracle.dbtools.crest.swingui.relational.TVTable" oid="789F225C-6439-77CC-51A4-8B9A97C69647" otype="Table" vid="CEC9603C-0C9A-2049-115B-862AED4956E7">
<hideElementsInCurrentOnly>false</hideElementsInCurrentOnly>
<bounds x="96" y="902" width="226" height="122"/>
</OView>
<OView class="oracle.dbtools.crest.swingui.relational.TVTable" oid="8873BF5D-440C-14BB-60F8-C79CEFB3E570" otype="Table" vid="7126A9CF-37C9-503A-AADC-9E361D9342FD">
<hideElementsInCurrentOnly>false</hideElementsInCurrentOnly>
<bounds x="401" y="899" width="333" height="164"/>
</OView>
<OView class="oracle.dbtools.crest.swingui.relational.TVTable" oid="8F262688-ACFD-FC9B-64A3-DCE92455D4B4" otype="Table" vid="9F19EEEC-EB70-695D-5765-477DBF471B28">
<hideElementsInCurrentOnly>false</hideElementsInCurrentOnly>
<bounds x="824" y="1444" width="202" height="116"/>
</OView>
<OView class="oracle.dbtools.crest.swingui.relational.TVTable" oid="A2796BD9-1DD7-125F-9E56-9CD31DD475DD" otype="Table" vid="534C6194-6DC0-BB2A-4D05-043B3A595BF8">
<hideElementsInCurrentOnly>false</hideElementsInCurrentOnly>
<bounds x="787" y="674" width="253" height="164"/>
</OView>
<OView class="oracle.dbtools.crest.swingui.relational.TVTable" oid="BABFEB94-A323-5846-7E1B-BF8B91EDB562" otype="Table" vid="98FE9E7D-74A3-A613-2710-B554EE95F790">
<hideElementsInCurrentOnly>false</hideElementsInCurrentOnly>
<bounds x="1136" y="391" width="250" height="108"/>
</OView>
<OView class="oracle.dbtools.crest.swingui.relational.TVTable" oid="CC349995-A81F-3C1C-AD9D-D542AE393E11" otype="Table" vid="679CCADA-1A82-600F-A446-A7B85DB4C852">
<hideElementsInCurrentOnly>false</hideElementsInCurrentOnly>
<bounds x="829" y="1124" width="215" height="74"/>
</OView>
<OView class="oracle.dbtools.crest.swingui.relational.TVTable" oid="D5F9AEBB-B3F6-FA6B-EEA4-4F9D6C6D39E2" otype="Table" vid="21DC281B-0A29-54BE-C7E6-5C3B6799A8A2">
<hideElementsInCurrentOnly>false</hideElementsInCurrentOnly>
<bounds x="799" y="389" width="257" height="136"/>
</OView>
<OView class="oracle.dbtools.crest.swingui.relational.TVTable" oid="D6DF32CC-9F50-FBC9-5457-82BBA9C819EE" otype="Table" vid="BAFE48CE-E838-C1E1-49FE-69B12A2EE0E8">
<hideElementsInCurrentOnly>false</hideElementsInCurrentOnly>
<bounds x="1484" y="1454" width="221" height="144"/>
</OView>
<OView class="oracle.dbtools.crest.swingui.relational.TVTable" oid="F811FEDA-EBDF-AFF9-4DCE-9B597559427B" otype="Table" vid="8FC0ACFC-6955-AF18-2694-DF2154209328">
<hideElementsInCurrentOnly>false</hideElementsInCurrentOnly>
<bounds x="1145" y="1219" width="341" height="178"/>
</OView>
<OView class="oracle.dbtools.crest.swingui.relational.TVTable" oid="FC08D19E-53CA-4718-8183-D77C9F274AE3" otype="Table" vid="51D57E63-693F-E9E4-C784-4E3FFFD48454">
<hideElementsInCurrentOnly>false</hideElementsInCurrentOnly>
<bounds x="814" y="126" width="213" height="150"/>
</OView>
</objectViews>
<connectors>
<Connector class="oracle.dbtools.crest.swingui.relational.TVFKRelation" oid="180A08CA-6591-2CA9-7E9C-3BE6E4ECF2CD" otype="FKIndexAssociation" vid_source="534C6194-6DC0-BB2A-4D05-043B3A595BF8" vid_target="E20A789A-BB29-7875-9477-41A3E006545D">
<hideElementsInCurrentOnly>false</hideElementsInCurrentOnly>
<backgroundColor>-16777216</backgroundColor>
<lineWidth>1</lineWidth>
<points>
<point x="1040" y="726"/>
<point x="1158" y="726"/>
</points>
</Connector>
<Connector class="oracle.dbtools.crest.swingui.relational.TVFKRelation" oid="2A7C5899-3EF1-4A89-4B08-0BBF483183A6" otype="FKIndexAssociation" vid_source="9F19EEEC-EB70-695D-5765-477DBF471B28" vid_target="9E6C0045-0CE9-A765-FF40-A687D1D873F2">
<hideElementsInCurrentOnly>false</hideElementsInCurrentOnly>
<backgroundColor>-16777216</backgroundColor>
<lineWidth>1</lineWidth>
<points>
<point x="1026" y="1524"/>
<point x="1169" y="1524"/>
</points>
</Connector>
<Connector class="oracle.dbtools.crest.swingui.relational.TVFKRelation" oid="30678788-5C8C-7022-CE59-4668DAF24D34" otype="FKIndexAssociation" vid_source="CEC9603C-0C9A-2049-115B-862AED4956E7" vid_target="7126A9CF-37C9-503A-AADC-9E361D9342FD">
<hideElementsInCurrentOnly>false</hideElementsInCurrentOnly>
<backgroundColor>-16777216</backgroundColor>
<lineWidth>1</lineWidth>
<points>
<point x="322" y="963"/>
<point x="401" y="963"/>
</points>
</Connector>
<Connector class="oracle.dbtools.crest.swingui.relational.TVFKRelation" oid="368BD13D-C6DD-9AFF-0464-DDBA019A6469" otype="FKIndexAssociation" vid_source="679CCADA-1A82-600F-A446-A7B85DB4C852" vid_target="DFB67324-AC3E-718B-3D4C-9DCCCF1388A8">
<hideElementsInCurrentOnly>false</hideElementsInCurrentOnly>
<backgroundColor>-16777216</backgroundColor>
<lineWidth>1</lineWidth>
<points>
<point x="829" y="1187"/>
<point x="423" y="1187"/>
</points>
</Connector>
<Connector class="oracle.dbtools.crest.swingui.relational.TVFKRelation" oid="4ED657A1-57FB-AF97-E736-4F15D18E662C" otype="FKIndexAssociation" vid_source="DFB67324-AC3E-718B-3D4C-9DCCCF1388A8" vid_target="8FC0ACFC-6955-AF18-2694-DF2154209328">
<hideElementsInCurrentOnly>false</hideElementsInCurrentOnly>
<backgroundColor>-16777216</backgroundColor>
<lineWidth>1</lineWidth>
<points>
<point x="423" y="1280"/>
<point x="1145" y="1280"/>
</points>
</Connector>
<Connector class="oracle.dbtools.crest.swingui.relational.TVFKRelation" oid="6C43A040-775E-1893-AC5E-AA6170EAD519" otype="FKIndexAssociation" vid_source="4F102B94-0DD0-2FE0-19A9-5253AB44D961" vid_target="7126A9CF-37C9-503A-AADC-9E361D9342FD">
<hideElementsInCurrentOnly>false</hideElementsInCurrentOnly>
<backgroundColor>-16777216</backgroundColor>
<lineWidth>1</lineWidth>
<points>
<point x="808" y="976"/>
<point x="734" y="976"/>
</points>
</Connector>
<Connector class="oracle.dbtools.crest.swingui.relational.TVFKRelation" oid="70CFCB4A-12FB-0D48-F8D6-039BB73BB132" otype="FKIndexAssociation" vid_source="4F102B94-0DD0-2FE0-19A9-5253AB44D961" vid_target="534C6194-6DC0-BB2A-4D05-043B3A595BF8">
<hideElementsInCurrentOnly>false</hideElementsInCurrentOnly>
<backgroundColor>-16777216</backgroundColor>
<lineWidth>1</lineWidth>
<points>
<point x="921" y="922"/>
<point x="921" y="838"/>
</points>
</Connector>
<Connector class="oracle.dbtools.crest.swingui.relational.TVFKRelation" oid="889F21E9-FF68-6135-CB94-3F80EFC8CAD2" otype="FKIndexAssociation" vid_source="BAFE48CE-E838-C1E1-49FE-69B12A2EE0E8" vid_target="9E6C0045-0CE9-A765-FF40-A687D1D873F2">
<hideElementsInCurrentOnly>false</hideElementsInCurrentOnly>
<backgroundColor>-16777216</backgroundColor>
<lineWidth>1</lineWidth>
<points>
<point x="1484" y="1520"/>
<point x="1404" y="1520"/>
</points>
</Connector>
<Connector class="oracle.dbtools.crest.swingui.relational.TVFKRelation" oid="94AE6504-C5A2-63F7-3498-06F1CDE2DF76" otype="FKIndexAssociation" vid_source="21DC281B-0A29-54BE-C7E6-5C3B6799A8A2" vid_target="98FE9E7D-74A3-A613-2710-B554EE95F790">
<hideElementsInCurrentOnly>false</hideElementsInCurrentOnly>
<backgroundColor>-16777216</backgroundColor>
<lineWidth>1</lineWidth>
<points>
<point x="1056" y="445"/>
<point x="1136" y="445"/>
</points>
</Connector>
<Connector class="oracle.dbtools.crest.swingui.relational.TVFKRelation" oid="9A898F42-D7CD-7AED-92D7-B4531EF23DF7" otype="FKIndexAssociation" vid_source="E10C6340-AD4D-8A7E-2307-460E6809E1E4" vid_target="98FE9E7D-74A3-A613-2710-B554EE95F790">
<hideElementsInCurrentOnly>false</hideElementsInCurrentOnly>
<backgroundColor>-16777216</backgroundColor>
<lineWidth>1</lineWidth>
<points>
<point x="1258" y="241"/>
<point x="1258" y="391"/>
</points>
</Connector>
<Connector class="oracle.dbtools.crest.swingui.relational.TVFKRelation" oid="9BF039C5-3ED5-3FF5-242A-CDB972636228" otype="FKIndexAssociation" vid_source="9EC54E03-ED10-E4E3-44DC-0A5CF5AE0F0F" vid_target="CEC9603C-0C9A-2049-115B-862AED4956E7">
<hideElementsInCurrentOnly>false</hideElementsInCurrentOnly>
<backgroundColor>-16777216</backgroundColor>
<lineWidth>1</lineWidth>
<points>
<point x="221" y="258"/>
<point x="221" y="902"/>
</points>
</Connector>
<Connector class="oracle.dbtools.crest.swingui.relational.TVFKRelation" oid="A50C287A-1F87-12D1-D9B6-1ABD77D87229" otype="FKIndexAssociation" vid_source="679CCADA-1A82-600F-A446-A7B85DB4C852" vid_target="4F102B94-0DD0-2FE0-19A9-5253AB44D961">
<hideElementsInCurrentOnly>false</hideElementsInCurrentOnly>
<backgroundColor>-16777216</backgroundColor>
<lineWidth>1</lineWidth>
<points>
<point x="932" y="1124"/>
<point x="932" y="1030"/>
</points>
</Connector>
<Connector class="oracle.dbtools.crest.swingui.relational.TVFKRelation" oid="BDA91A2E-0C84-9C4C-B650-5A5AA547A9C7" otype="FKIndexAssociation" vid_source="8FC0ACFC-6955-AF18-2694-DF2154209328" vid_target="E20A789A-BB29-7875-9477-41A3E006545D">
<hideElementsInCurrentOnly>false</hideElementsInCurrentOnly>
<backgroundColor>-16777216</backgroundColor>
<lineWidth>1</lineWidth>
<points>
<point x="1292" y="1219"/>
<point x="1292" y="778"/>
</points>
</Connector>
<Connector class="oracle.dbtools.crest.swingui.relational.TVFKRelation" oid="C35E0A5F-1563-4991-9B4C-5BDFEC15EFD7" otype="FKIndexAssociation" vid_source="CEC9603C-0C9A-2049-115B-862AED4956E7" vid_target="DFB67324-AC3E-718B-3D4C-9DCCCF1388A8">
<hideElementsInCurrentOnly>false</hideElementsInCurrentOnly>
<backgroundColor>-16777216</backgroundColor>
<lineWidth>1</lineWidth>
<points>
<point x="229" y="1024"/>
<point x="229" y="1176"/>
</points>
</Connector>
<Connector class="oracle.dbtools.crest.swingui.relational.TVFKRelation" oid="CBFE590F-3240-3D81-3FE9-A2ACAC3FE7D2" otype="FKIndexAssociation" vid_source="9EC54E03-ED10-E4E3-44DC-0A5CF5AE0F0F" vid_target="51D57E63-693F-E9E4-C784-4E3FFFD48454">
<hideElementsInCurrentOnly>false</hideElementsInCurrentOnly>
<backgroundColor>-16777216</backgroundColor>
<lineWidth>1</lineWidth>
<points>
<point x="339" y="193"/>
<point x="814" y="193"/>
</points>
</Connector>
<Connector class="oracle.dbtools.crest.swingui.relational.TVFKRelation" oid="E5039491-7210-2B5B-832F-E24C6F7CE8E0" otype="FKIndexAssociation" vid_source="9E6C0045-0CE9-A765-FF40-A687D1D873F2" vid_target="8FC0ACFC-6955-AF18-2694-DF2154209328">
<hideElementsInCurrentOnly>false</hideElementsInCurrentOnly>
<backgroundColor>-16777216</backgroundColor>
<lineWidth>1</lineWidth>
<points>
<point x="1286" y="1459"/>
<point x="1286" y="1397"/>
</points>
</Connector>
<Connector class="oracle.dbtools.crest.swingui.relational.TVFKRelation" oid="E84438C3-E1DA-5945-5A47-5253912F94CC" otype="FKIndexAssociation" vid_source="51D57E63-693F-E9E4-C784-4E3FFFD48454" vid_target="21DC281B-0A29-54BE-C7E6-5C3B6799A8A2">
<hideElementsInCurrentOnly>false</hideElementsInCurrentOnly>
<backgroundColor>-16777216</backgroundColor>
<lineWidth>1</lineWidth>
<points>
<point x="920" y="276"/>
<point x="920" y="389"/>
</points>
</Connector>
<Connector class="oracle.dbtools.crest.swingui.relational.TVFKRelation" oid="FB2D091E-B330-4CF4-F232-DE94A2B4D936" otype="FKIndexAssociation" vid_source="21DC281B-0A29-54BE-C7E6-5C3B6799A8A2" vid_target="534C6194-6DC0-BB2A-4D05-043B3A595BF8">
<hideElementsInCurrentOnly>false</hideElementsInCurrentOnly>
<backgroundColor>-16777216</backgroundColor>
<lineWidth>1</lineWidth>
<points>
<point x="919" y="525"/>
<point x="919" y="674"/>
</points>
</Connector>
</connectors>
</Diagram>
